Size,EntryBar,ExitBar,EntryPrice,ExitPrice,SL,TP,PnL,ReturnPct,EntryTime,ExitTime,Duration,Tag,Ticker
1.0,202.0,219.0,661.2874755859375,602.1863492647727,,824.6828043621465,-59.10112632116477,-0.08937281969358013,2024-10-15,2024-11-07,23 days,,ASML.AS
1.0,219.0,272.0,619.7672119140625,693.4705109092146,,811.9078492389413,73.70329899515207,0.11892093931127778,2024-11-07,2025-01-24,78 days,,ASML.AS
1.0,318.0,322.0,602.517578125,556.4324135013594,,790.8069806866555,-46.085164623640594,-0.07648766823875075,2025-03-31,2025-04-04,4 days,,ASML.AS
1.0,322.0,324.0,560.8583984375,570.5026245117188,540.8692158833672,666.4322026398261,9.64422607421875,0.017195474118042453,2025-04-04,2025-04-08,4 days,; stop-loss tightened during volatility spike; closed_due to volatility spike,ASML.AS
1.0,325.0,327.0,551.1146850585938,587.5044282040807,,804.6265253462869,36.38974314548693,0.06602934766947466,2025-04-09,2025-04-11,2 days,; stop-loss tightened during volatility spike,ASML.AS
6.0,199.0,212.0,74.8408432006836,76.55683135986328,,,10.295928955078125,0.02292849847480083,2024-10-10,2024-10-29,19 days,; partially_closed,HEIA.AS
7.0,199.0,213.0,74.8408432006836,75.1664911947871,,97.0156060710313,2.279535958724537,0.004351206910246708,2024-10-10,2024-10-30,20 days,; partially_closed,HEIA.AS
13.0,213.0,218.0,74.54833984375,71.07929335661069,,96.17969627593949,-45.09760433281102,-0.04653418834557921,2024-10-30,2024-11-06,7 days,,HEIA.AS
13.0,218.0,228.0,70.39484405517578,68.0480251177441,,91.92418761336071,-30.508646186611813,-0.0333379378693166,2024-11-06,2024-11-20,14 days,,HEIA.AS
13.0,228.0,251.0,68.56185150146484,66.25110634351299,,88.78320943662526,-30.039687053374138,-0.03370307404697914,2024-11-20,2024-12-23,33 days,,HEIA.AS
13.0,251.0,262.0,66.53385162353516,64.5741121797581,,86.5541231701982,-25.476612769101692,-0.029454772209276836,2024-12-23,2025-01-10,18 days,,HEIA.AS
13.0,262.0,280.0,63.35536575317383,63.234458834716904,,82.07064765616786,-1.5717899399400181,-0.0019083927149591284,2025-01-10,2025-02-05,26 days,,HEIA.AS
6.0,280.0,284.0,63.45286560058594,66.26085662841797,,,16.847946166992188,0.04425317913153637,2025-02-05,2025-02-11,6 days,; partially_closed,HEIA.AS
7.0,280.0,286.0,63.45286560058594,77.39532470703125,75.99682576955367,82.85589151061576,97.59721374511719,0.2197293845514925,2025-02-05,2025-02-13,8 days,; partially_closed; stop-loss tightened during volatility spike; closed_due to volatility spike,HEIA.AS
28.0,200.0,206.0,17.78717803955078,21.290565490722656,,,98.0948486328125,0.19696139788908051,2024-10-11,2024-10-21,10 days,; partially_closed,JDEP.AS
28.0,200.0,207.0,17.78717803955078,20.904518127441406,20.739849463456505,23.06793281324045,87.2855224609375,0.17525770984914213,2024-10-11,2024-10-22,11 days,; partially_closed; stop-loss tightened during volatility spike; closed_due to volatility spike,JDEP.AS
67.0,246.0,249.0,17.516942977905273,15.874790902773272,,21.927073447135037,-110.0241890338441,-0.09374649887273734,2024-12-16,2024-12-19,3 days,,JDEP.AS
34.0,249.0,267.0,15.943799018859863,16.822057723999023,,,29.860795974731445,0.055084657307851836,2024-12-19,2025-01-17,29 days,; partially_closed,JDEP.AS
33.0,249.0,270.0,15.943799018859863,16.138232521610743,,20.41010728949102,6.4163055907790145,0.01219492935911215,2024-12-19,2025-01-22,34 days,; partially_closed,JDEP.AS
34.0,270.0,276.0,15.88640308380127,16.585681915283203,,,23.775480270385742,0.044017442324308265,2025-01-22,2025-01-30,8 days,; partially_closed,JDEP.AS
35.0,270.0,280.0,15.88640308380127,15.960970305924167,,20.636439098603216,2.6098527743014266,0.004693776289670604,2025-01-22,2025-02-05,14 days,; partially_closed,JDEP.AS
35.0,280.0,287.0,15.915950775146484,16.694021224975586,,,27.232465744018555,0.048886206097350726,2025-02-05,2025-02-14,9 days,; partially_closed,JDEP.AS
35.0,280.0,296.0,15.915950775146484,17.994086027987777,,20.674820243303486,72.73473384944523,0.1305693440624609,2025-02-05,2025-02-27,22 days,; partially_closed,JDEP.AS
47.0,321.0,323.0,21.144556045532227,18.165096226745412,,26.99235276234398,-140.0346114829803,-0.14090907429651922,2025-04-03,2025-04-07,4 days,,PHIA.AS
44.0,323.0,324.0,19.289602279663086,19.760547637939453,18.854215161848874,25.356828910277116,20.721595764160156,0.024414466998776918,2025-04-07,2025-04-08,1 days,; stop-loss tightened during volatility spike; closed_due to volatility spike,PHIA.AS
46.0,325.0,326.0,18.93879508972168,19.318435668945312,20.652542384071253,27.716477249085134,17.46346664428711,0.020045656411883828,2025-04-09,2025-04-10,1 days,; stop-loss tightened during volatility spike; closed_due to volatility spike,PHIA.AS
42.0,341.0,353.0,21.029220581054688,20.485586293798733,,26.767626013993496,-22.83264006475011,-0.025851375953786726,2025-05-06,2025-05-22,16 days,,PHIA.AS
42.0,353.0,372.0,20.420000076293945,19.299999237060547,,26.707439306259158,-47.040035247802734,-0.05484822894460384,2025-05-22,2025-06-18,27 days,,PHIA.AS
21.0,372.0,377.0,19.280000686645508,20.489999771118164,,,25.40998077392578,0.06275928637859307,2025-06-18,2025-06-25,7 days,; partially_closed,PHIA.AS
21.0,372.0,401.0,19.280000686645508,24.87584950447083,21.593500518798827,24.87584950447083,117.51282517433174,0.2902411109197389,2025-06-18,2025-07-29,41 days,; partially_closed,PHIA.AS
26.0,249.0,262.0,37.31161880493164,37.211627777852605,,48.08064442666378,-2.5997667040549146,-0.0026798898113158387,2024-12-19,2025-01-10,22 days,,RAND.AS
13.0,262.0,269.0,37.11933898925781,39.93621826171875,,,36.61943054199219,0.07588710761460837,2025-01-10,2025-01-21,11 days,; partially_closed,RAND.AS
13.0,262.0,276.0,37.11933898925781,39.24977949842067,,48.043181104366965,27.695726619117174,0.057394354726505226,2025-01-10,2025-01-30,20 days,; partially_closed,RAND.AS
32.0,323.0,325.0,32.5,31.290000915527344,,43.100820396423345,-38.719970703125,-0.037230741060697126,2025-04-07,2025-04-09,2 days,; stop-loss tightened during volatility spike,RAND.AS
16.0,325.0,326.0,31.520000457763672,33.63999938964844,,,33.91998291015625,0.06725884838502871,2025-04-09,2025-04-10,1 days,; stop-loss tightened during volatility spike; partially_closed,RAND.AS
16.0,325.0,327.0,31.520000457763672,34.06999969482422,,46.738019405364994,40.79998779296875,0.08090098984857264,2025-04-09,2025-04-11,2 days,; stop-loss tightened during volatility spike; partially_closed,RAND.AS
47.0,218.0,223.0,10.5600004196167,13.085000038146973,,,118.67498207092285,0.23910980285945138,2024-11-06,2024-11-13,7 days,; partially_closed,TKWY.AS
47.0,218.0,224.0,10.5600004196167,14.055179603576661,12.232750082015992,14.055179603576661,164.2734216461182,0.3309828641168584,2024-11-06,2024-11-14,8 days,; partially_closed,TKWY.AS
7.0,316.0,323.0,142.36293029785156,134.94513593936614,,184.03606875711546,-51.92456050939796,-0.052104816492368644,2025-03-27,2025-04-07,11 days,,WKL.AS
4.0,323.0,326.0,132.6362762451172,140.05409240722656,,,29.6712646484375,0.055925998317390535,2025-04-07,2025-04-10,3 days,; stop-loss tightened during volatility spike; partially_closed,WKL.AS
3.0,323.0,358.0,132.6362762451172,154.32778604849935,,174.01748593057602,65.07452941014648,0.16354130572314451,2025-04-07,2025-05-29,52 days,; stop-loss tightened during volatility spike; partially_closed,WKL.AS
7.0,374.0,381.0,140.48316955566406,137.80721523032196,,180.94167810384997,-18.73168027739473,-0.019048220038072272,2025-06-20,2025-07-01,11 days,,WKL.AS
7.0,381.0,399.0,137.11119079589844,134.1902323052026,,179.33131911688807,-20.44670943487077,-0.021303574666227787,2025-07-01,2025-07-25,24 days,,WKL.AS
4.0,399.0,402.0,133.09454345703125,136.3673553466797,,,13.09124755859375,0.024590128224941443,2025-07-25,2025-07-30,5 days,; partially_closed,WKL.AS
3.0,399.0,404.0,133.09454345703125,133.83836817739868,,174.37136644228502,2.231474161102284,0.005588694329963673,2025-07-25,2025-08-01,7 days,; partially_closed,WKL.AS
7.0,404.0,407.0,132.0036163330078,129.8375446240102,,172.1812446271456,-15.162501962983242,-0.016409184605467364,2025-08-01,2025-08-06,5 days,; stop-loss tightened during volatility spike,WKL.AS
8.0,407.0,410.0,122.58186340332031,116.30400481916858,,159.23383867753208,-50.22286867321384,-0.051213600526663905,2025-08-06,2025-08-11,5 days,,WKL.AS
8.0,410.0,423.0,115.63951873779297,109.26497333299062,,150.47340330451152,-50.99636323841878,-0.05512428168484795,2025-08-11,2025-08-28,17 days,,WKL.AS
133.0,320.0,322.0,7.5,7.300000190734863,6.917500114440918,9.093000000000002,-26.599974632263184,-0.026666641235351562,2025-04-04,2025-04-08,4 days,; closed_due to volatility spike,ACR1.F
67.0,323.0,324.0,7.199999809265137,7.800000190734863,,,40.20002555847168,0.08333338852282068,2025-04-09,2025-04-10,1 days,; partially_closed,ACR1.F
67.0,323.0,358.0,7.199999809265137,8.949999809265137,,10.067250000000001,117.25,0.2430555619943291,2025-04-09,2025-06-02,54 days,; partially_closed; stop-loss tightened during volatility spike,ACR1.F
135.0,422.0,439.0,8.300000190734863,8.0,,10.846650495529175,-40.50002574920654,-0.036144600462750365,2025-08-29,2025-09-23,25 days,,ACR1.F
42.0,233.0,240.0,11.635199546813965,12.28602123260498,,,27.334510803222656,0.05593558435955037,2024-11-27,2024-12-06,9 days,; partially_closed,XCA.F
43.0,233.0,250.0,11.635199546813965,12.117500179003946,,15.241848772769169,20.73892718416917,0.041451857378934864,2024-11-27,2024-12-20,23 days,; partially_closed; stop-loss tightened during volatility spike,XCA.F
4.0,199.0,202.0,125.81660461425781,133.3253936767578,,,30.03515625,0.05968042998395373,2024-10-10,2024-10-15,5 days,; partially_closed,AIR.F
3.0,199.0,223.0,125.81660461425781,137.1090436018223,,163.28216776567768,33.87731696269344,0.08975316908436737,2024-10-10,2024-11-13,34 days,; partially_closed; stop-loss tightened during volatility spike,AIR.F
212.0,237.0,242.0,2.3612358570098877,2.471919059753418,,,23.464838981628418,0.04687511517112575,2024-12-03,2024-12-10,7 days,; partially_closed,CAR1.F
211.0,237.0,247.0,2.3612358570098877,2.3612358570098877,,3.0672453782558446,0.0,0.0,2024-12-03,2024-12-17,14 days,; partially_closed,CAR1.F
218.0,248.0,264.0,2.3427886962890625,2.4534718990325928,,,24.1289381980896,0.04724421067885909,2024-12-18,2025-01-16,29 days,; partially_closed,CAR1.F
217.0,248.0,266.0,2.3427886962890625,2.3058945474649364,,3.0193196547031405,-8.006030294835368,-0.015747962623588685,2024-12-18,2025-01-20,33 days,; partially_closed,CAR1.F
460.0,266.0,267.0,2.2505531311035156,2.305894374847412,2.2718040315111083,2.995356792926789,25.456972122192383,0.024590063206710866,2025-01-20,2025-01-21,1 days,; stop-loss tightened during volatility spike; closed_due to volatility spike,CAR1.F
466.0,268.0,269.0,2.269000291824341,2.2321059703826904,2.154627941187494,2.8995056555271153,-17.192753791809082,-0.01626016601874758,2025-01-22,2025-01-23,1 days,; closed_due to volatility spike,CAR1.F
232.0,271.0,273.0,2.2321059703826904,2.3612358570098877,,,29.958133697509766,0.057851145214695254,2025-01-27,2025-01-29,2 days,; stop-loss tightened during volatility spike; partially_closed,CAR1.F
233.0,271.0,289.0,2.2321059703826904,2.269000291824341,,2.995356792926789,8.596376895904541,0.016528929150852578,2025-01-27,2025-02-20,24 days,; stop-loss tightened during volatility spike; partially_closed,CAR1.F
474.0,289.0,297.0,2.269000291824341,2.133413691148279,,2.8036538987159734,-64.26804872045328,-0.05975609662308434,2025-02-20,2025-03-04,12 days,,CAR1.F
238.0,297.0,300.0,2.1214230060577393,2.2136588096618652,,,21.952121257781982,0.0434782706422745,2025-03-04,2025-03-07,3 days,; partially_closed,CAR1.F
237.0,297.0,304.0,2.1214230060577393,2.19521164894104,,2.827616760492325,17.487908363342285,0.03478261651381964,2025-03-04,2025-03-13,9 days,; partially_closed,CAR1.F
238.0,304.0,311.0,2.19521164894104,2.58260178565979,,,92.1988525390625,0.1764705179592252,2025-03-13,2025-03-24,11 days,; partially_closed,CAR1.F
238.0,304.0,312.0,2.19521164894104,2.2136588096618652,2.203512779021859,2.875542793750763,4.3904242515563965,0.008403363169890321,2025-03-13,2025-03-25,12 days,; partially_closed; closed_due to volatility spike,CAR1.F
264.0,377.0,386.0,2.1600000858306885,2.2799999713897705,,,31.679969787597656,0.05555550036607193,2025-06-27,2025-07-10,13 days,; partially_closed,CAR1.F
264.0,377.0,413.0,2.1600000858306885,2.380000114440918,2.3448000903129578,2.831820086717606,58.080007553100586,0.10185186105009914,2025-06-27,2025-08-18,52 days,; partially_closed; stop-loss tightened during volatility spike; closed_due to volatility spike,CAR1.F
341.0,199.0,204.0,2.928499937057495,2.4644999504089355,,3.663179913282395,-158.2239954471588,-0.1584428876972347,2024-10-10,2024-10-17,7 days,,CAJ1.F
351.0,204.0,210.0,2.390000104904175,2.2114999294281006,,3.0734339182376864,-62.65356159210205,-0.07468626261136968,2024-10-17,2024-10-25,8 days,,CAJ1.F
350.0,210.0,215.0,2.2114999294281006,2.1619999408721924,,2.9396370148658755,-17.32499599456787,-0.022382993504643234,2024-10-25,2024-11-01,7 days,,CAJ1.F
350.0,215.0,224.0,2.1619999408721924,2.0329999923706055,,2.8253249380588534,-45.14998197555542,-0.05966695283513557,2024-11-01,2024-11-14,13 days,,CAJ1.F
417.0,224.0,227.0,1.6998000144958496,1.3686000108718872,,2.1534821469783787,-138.11040151119232,-0.19484645299417436,2024-11-14,2024-11-19,5 days,,CAJ1.F
417.0,227.0,229.0,1.3686000108718872,1.1851050078868866,,1.7705370458364489,-76.51741624474528,-0.13407496823568077,2024-11-19,2024-11-21,2 days,,CAJ1.F
435.0,229.0,234.0,1.1333999633789062,1.4829384166002275,1.0622702012062073,1.4829384166002275,152.04922715127475,0.3083981511515783,2024-11-21,2024-11-28,7 days,; stop-loss tightened during volatility spike,CAJ1.F
371.0,234.0,235.0,1.7344000339508057,1.3727999925613403,1.2320899486541748,1.8632855511903765,-134.15361535549164,-0.20848710465357478,2024-11-28,2024-11-29,1 days,; closed_due to volatility spike,CAJ1.F
406.0,236.0,237.0,1.250599980354309,1.1993999481201172,0.9360750377178192,1.5019038666486741,-20.78721308708191,-0.04094037505077075,2024-12-02,2024-12-03,1 days,; closed_due to volatility spike,CAJ1.F
406.0,238.0,243.0,1.198799967765808,1.0895999670028687,,1.5819222275018694,-44.33520030975342,-0.09109109417683292,2024-12-04,2024-12-11,7 days,,CAJ1.F
401.0,243.0,275.0,1.100000023841858,0.926800012588501,,1.3969445933103564,-69.45320451259613,-0.15745455227213445,2024-12-11,2025-01-31,51 days,,CAJ1.F
400.0,275.0,288.0,0.926800012588501,0.8031950026750565,,1.2171629696488382,-49.44200396537779,-0.13336750996390534,2025-01-31,2025-02-19,19 days,,CAJ1.F
401.0,288.0,295.0,0.8009999990463257,0.7067799836397171,,0.9959433381557465,-37.78222617805006,-0.11762798441796185,2025-02-19,2025-02-28,9 days,,CAJ1.F
206.0,295.0,302.0,0.6848000288009644,0.7358999848365784,,,10.526590943336487,0.07462025976413345,2025-02-28,2025-03-11,11 days,; partially_closed,CAJ1.F
207.0,295.0,304.0,0.6848000288009644,0.7059999704360962,,0.8505851971507074,4.38838791847229,0.030957857394152688,2025-02-28,2025-03-13,13 days,; partially_closed,CAJ1.F
424.0,304.0,317.0,0.699999988079071,0.6007000207901001,,0.8885160198211671,-42.10318613052368,-0.1418570985429134,2025-03-13,2025-04-01,19 days,,CAJ1.F
423.0,317.0,321.0,0.6007000207901001,0.4876999855041504,,0.7483538893461228,-47.799014925956726,-0.18811391938578736,2025-04-01,2025-04-07,6 days,,CAJ1.F
212.0,321.0,324.0,0.4876999855041504,0.54830002784729,,,12.847208976745605,0.12425680570914,2025-04-07,2025-04-10,3 days,; partially_closed,CAJ1.F
211.0,321.0,345.0,0.4876999855041504,0.7139999866485596,0.6283150285482406,0.6930165204405786,47.74930024147034,0.46401477931248225,2025-04-07,2025-05-14,37 days,; partially_closed,CAJ1.F
375.0,345.0,349.0,0.7099999785423279,0.6154999732971191,,0.8911139863729478,-35.43750196695328,-0.13309860295942944,2025-05-14,2025-05-20,6 days,,CAJ1.F
374.0,349.0,351.0,0.6154999732971191,0.5156749933958054,,0.7404299907088281,-37.334542483091354,-0.16218518965414386,2025-05-20,2025-05-22,2 days,,CAJ1.F
375.0,351.0,367.0,0.5130000114440918,0.46720001101493835,,0.6495000000000001,-17.17500016093254,-0.08927875128155793,2025-05-22,2025-06-13,22 days,,CAJ1.F
375.0,367.0,376.0,0.46720001101493835,0.40400001406669617,,0.5939027879834176,-23.69999885559082,-0.135273962881438,2025-06-13,2025-06-26,13 days,,CAJ1.F
187.0,376.0,381.0,0.40400001406669617,0.4625999927520752,,,10.958196014165878,0.1450494471411201,2025-06-26,2025-07-03,7 days,; partially_closed,CAJ1.F
187.0,376.0,391.0,0.40400001406669617,0.444599986076355,,0.535447805017233,7.592194765806198,0.1004949767228378,2025-06-26,2025-07-17,21 days,; partially_closed,CAJ1.F
381.0,391.0,399.0,0.444599986076355,0.4156000018119812,,0.5871479897797108,-11.04899400472641,-0.06522713714029083,2025-07-17,2025-07-29,12 days,,CAJ1.F
380.0,399.0,401.0,0.4156000018119812,0.5565000176429749,0.37731499820947645,0.538825184762478,53.54200601577759,0.339027948067087,2025-07-29,2025-07-31,2 days,,CAJ1.F
379.0,401.0,402.0,0.5565000176429749,0.49239999055862427,0.43283001333475113,0.6133878081142903,-24.293910264968872,-0.1151842318996551,2025-07-31,2025-08-01,1 days,; closed_due to volatility spike,CAJ1.F
185.0,403.0,404.0,0.5034999847412109,0.546500027179718,,,7.95500785112381,0.08540227158220914,2025-08-04,2025-08-05,1 days,; partially_closed,CAJ1.F
185.0,403.0,407.0,0.5034999847412109,0.6274999976158142,,0.7099035353064538,22.940002381801605,0.24627610056102944,2025-08-04,2025-08-08,4 days,; partially_closed; stop-loss tightened during volatility spike,CAJ1.F
329.0,407.0,408.0,0.6585000157356262,0.6039999723434448,0.5855350136756897,0.8255145179629327,-17.93051427602768,-0.08276392116908016,2025-08-08,2025-08-11,3 days,; closed_due to volatility spike,CAJ1.F
328.0,409.0,412.0,0.6054999828338623,0.5519999861717224,,0.7845959640741349,-17.547998905181885,-0.088356726967603,2025-08-12,2025-08-15,3 days,,CAJ1.F
164.0,412.0,419.0,0.5519999861717224,0.6269999742507935,,,12.299998044967651,0.13586954702520448,2025-08-15,2025-08-26,11 days,; partially_closed,CAJ1.F
163.0,412.0,425.0,0.5519999861717224,0.5370000004768372,,0.7202954789400101,-2.4449976682662964,-0.02717388780915453,2025-08-15,2025-09-03,19 days,; partially_closed,CAJ1.F
354.0,425.0,447.0,0.5370000004768372,0.4674000144004822,,0.6800265328288079,-24.638395071029663,-0.12960891250382245,2025-09-03,2025-10-03,30 days,,CAJ1.F
2.0,202.0,207.0,367.64154052734375,350.69840417014024,,469.7196430347574,-33.88627271440703,-0.04608602263199191,2024-10-15,2024-10-22,7 days,,LOR.F
2.0,207.0,213.0,347.2115783691406,339.2728493071467,,451.7295479119497,-15.877458123987822,-0.022864240585761197,2024-10-22,2024-10-30,8 days,,LOR.F
2.0,213.0,222.0,342.0549621582031,326.8675220700768,,442.60692438601393,-30.374880176252645,-0.04440058402398506,2024-10-30,2024-11-12,13 days,,LOR.F
1.0,222.0,242.0,325.4555969238281,340.2869873046875,,,14.831390380859375,0.04557116399608452,2024-11-12,2024-12-10,28 days,; partially_closed,LOR.F
1.0,222.0,255.0,325.4555969238281,327.45931282108927,,420.9167498192225,2.003715897261145,0.006156649067338371,2024-11-12,2025-01-03,52 days,; partially_closed,LOR.F
1.0,255.0,269.0,325.6029357910156,346.6222229003906,,,21.019287109375,0.06455496802665794,2025-01-03,2025-01-23,20 days,; partially_closed,LOR.F
1.0,255.0,276.0,325.6029357910156,343.33180547691086,,427.4238058826925,17.728869685895233,0.054449354526933114,2025-01-03,2025-02-03,31 days,; partially_closed,LOR.F
1.0,283.0,292.0,327.616455078125,342.7425231933594,,,15.126068115234375,0.04617005001054464,2025-02-12,2025-02-25,13 days,; partially_closed,LOR.F
1.0,283.0,304.0,327.616455078125,343.4300407894389,,429.59287036879164,15.81358571131392,0.048268594163082934,2025-02-12,2025-03-13,29 days,; partially_closed,LOR.F
1.0,204.0,217.0,643.9514770507812,623.7688996381289,,864.4851605763564,-20.182577412652336,-0.03134176740316841,2024-10-23,2024-11-11,19 days,,LVMHF
1.0,217.0,252.0,622.353759765625,634.8708461298559,,786.0107600419155,12.517086364230863,0.020112494168822437,2024-11-11,2025-01-02,52 days,,LVMHF
1.0,252.0,268.0,640.1337280273438,724.9951491238216,,815.5638646974077,84.8614210964779,0.13256827031749996,2025-01-02,2025-01-28,26 days,,LVMHF
1.0,314.0,321.0,593.0265502929688,562.812750487946,,740.9098046590595,-30.213799805022745,-0.05094847741656161,2025-04-03,2025-04-14,11 days,; stop-loss tightened during volatility spike,LVMHF
1.0,338.0,348.0,550.9000244140625,545.22998046875,,727.44,-5.6700439453125,-0.010292328360927527,2025-05-08,2025-05-22,14 days,,LVMHF
1.0,348.0,384.0,549.5800170898438,548.8300170898438,,698.9659421997071,-0.75,-0.001364678439313427,2025-05-22,2025-07-16,55 days,,LVMHF
33.0,209.0,210.0,30.093996047973633,29.949914932250977,28.700240658498263,38.48070328031878,-4.754676818847656,-0.0047877030186677105,2024-10-24,2024-10-25,1 days,; closed_due to volatility spike,MCHA.F
33.0,213.0,229.0,29.91149139404297,29.559450960019,,38.61795494699172,-11.617334322790988,-0.011769404252911286,2024-10-30,2024-11-21,22 days,,MCHA.F
16.0,229.0,241.0,29.594511032104492,30.75677490234375,,,18.596221923828125,0.039272953994016646,2024-11-21,2024-12-09,18 days,; partially_closed,MCHA.F
17.0,229.0,250.0,29.594511032104492,30.43018913269043,,38.51813497595484,14.206527709960938,0.028237604590911625,2024-11-21,2024-12-20,29 days,; partially_closed,MCHA.F
33.0,250.0,260.0,30.43018913269043,29.728988647460938,,39.76588867022486,-23.139616012573242,-0.023042922348327055,2024-12-20,2025-01-10,21 days,,MCHA.F
16.0,260.0,264.0,29.728988647460938,31.37152671813965,,,26.280609130859375,0.055250385075544584,2025-01-10,2025-01-16,6 days,; partially_closed,MCHA.F
17.0,260.0,276.0,29.728988647460938,31.390737469260657,,38.355927307416785,28.249729970595226,0.055896580993906264,2025-01-10,2025-02-03,24 days,; partially_closed,MCHA.F
36.0,321.0,323.0,28.605146408081055,27.82709945411967,,37.257903911023206,-28.0096903426099,-0.027199544545648102,2025-04-07,2025-04-09,2 days,; stop-loss tightened during volatility spike,MCHA.F
13.0,229.0,240.0,38.156681060791016,42.08681869506836,,,51.09178924560547,0.10299998650343478,2024-11-21,2024-12-06,15 days,; partially_closed,RNL.F
13.0,229.0,242.0,38.156681060791016,42.02958679199219,40.71287346875098,50.594014366149906,50.347774505615234,0.1015000682326348,2024-11-21,2024-12-10,19 days,; partially_closed; stop-loss tightened during volatility spike; closed_due to volatility spike,RNL.F
31.0,390.0,391.0,34.400001525878906,33.459999084472656,31.863500595092773,44.42580099105835,-29.14007568359375,-0.02732565115437835,2025-07-16,2025-07-17,1 days,; closed_due to volatility spike,RNL.F
31.0,392.0,393.0,33.63999938964844,33.630001068115234,31.390501022338867,43.802281585693365,-0.3099479675292969,-0.0002972152709456166,2025-07-18,2025-07-21,3 days,; closed_due to volatility spike,RNL.F
32.0,394.0,402.0,33.2400016784668,32.36350002288818,,43.49051940536499,-28.04805297851567,-0.026368881206959127,2025-07-22,2025-08-01,10 days,,RNL.F
16.0,402.0,424.0,32.13999938964844,33.38999938964844,,,20.0,0.03889234672489117,2025-08-01,2025-09-02,32 days,; partially_closed,RNL.F
186.0,199.0,211.0,5.349999904632568,4.940000057220459,,6.819750000000001,-76.25997161865234,-0.07663548686367083,2024-10-10,2024-10-28,18 days,,TH1.F
186.0,211.0,217.0,4.940000057220459,4.539999961853027,,6.443040049552918,-74.40001773834229,-0.08097167828627427,2024-10-28,2024-11-05,8 days,,TH1.F
93.0,217.0,218.0,4.539999961853027,4.880000114440918,,,31.620014190673828,0.0748899020803333,2024-11-05,2024-11-06,1 days,; partially_closed,TH1.F
93.0,217.0,220.0,4.539999961853027,4.400000095367432,,6.339120148658753,-13.0199875831604,-0.03083697525593232,2024-11-05,2024-11-08,3 days,; partially_closed,TH1.F
196.0,220.0,228.0,4.400000095367432,4.0,,5.507759702682495,-78.4000186920166,-0.09090911061310525,2024-11-08,2024-11-20,12 days,,TH1.F
98.0,228.0,230.0,4.0,4.539999961853027,,,52.91999626159668,0.13499999046325684,2024-11-20,2024-11-22,2 days,; partially_closed,TH1.F
97.0,228.0,245.0,4.0,4.980000019073486,,5.455799752235413,95.06000185012817,0.24500000476837158,2024-11-20,2024-12-13,23 days,; partially_closed,TH1.F
186.0,245.0,249.0,4.980000019073486,4.460000038146973,,6.339120148658753,-96.71999645233154,-0.10441766645279216,2024-12-13,2024-12-19,6 days,,TH1.F
186.0,249.0,257.0,4.460000038146973,4.239999771118164,,5.663640173435212,-40.9200496673584,-0.04932741371011595,2024-12-19,2025-01-07,19 days,,TH1.F
185.0,257.0,268.0,4.239999771118164,3.700000047683716,,5.2999199008941655,-99.89994883537292,-0.12735843221332077,2025-01-07,2025-01-22,15 days,,TH1.F
185.0,268.0,278.0,3.700000047683716,3.299999952316284,,4.806300061941148,-74.00001764297485,-0.10810813248984708,2025-01-22,2025-02-05,14 days,,TH1.F
92.0,278.0,289.0,3.299999952316284,3.5799999237060547,,,25.759997367858887,0.08484847740474577,2025-02-05,2025-02-20,15 days,; partially_closed,TH1.F
93.0,278.0,296.0,3.299999952316284,3.200000047683716,,4.286699938058853,-9.299991130828857,-0.030303001841675226,2025-02-05,2025-03-03,26 days,; partially_closed,TH1.F
98.0,296.0,302.0,3.200000047683716,3.4000000953674316,,,19.60000467300415,0.0625000139698384,2025-03-03,2025-03-11,8 days,; partially_closed,TH1.F
97.0,296.0,304.0,3.200000047683716,3.059999942779541,,4.156800061941147,-13.580010175704956,-0.043750032130628336,2025-03-03,2025-03-13,10 days,; partially_closed,TH1.F
103.0,304.0,307.0,3.059999942779541,3.180000066757202,,,12.360012769699097,0.039215727523399746,2025-03-13,2025-03-18,5 days,; stop-loss tightened during volatility spike; partially_closed,TH1.F
103.0,304.0,308.0,3.059999942779541,2.9800000190734863,,3.689159888505936,-8.239992141723633,-0.02614376640588656,2025-03-13,2025-03-19,6 days,; stop-loss tightened during volatility spike; partially_closed,TH1.F
106.0,308.0,310.0,2.9800000190734863,3.180000066757202,,,21.200005054473877,0.06711410953141472,2025-03-19,2025-03-21,2 days,; partially_closed,TH1.F
106.0,308.0,313.0,2.9800000190734863,3.0999999046325684,,3.948959950447083,12.719987869262695,0.04026841771510825,2025-03-19,2025-03-26,7 days,; partially_closed,TH1.F
108.0,313.0,318.0,3.0999999046325684,3.640000104904175,,,58.320021629333496,0.17419361834967884,2025-03-26,2025-04-02,7 days,; partially_closed,TH1.F
107.0,313.0,319.0,3.0999999046325684,4.139999866485596,3.4100000500679015,3.9229799752235417,111.27999591827393,0.33548386898298777,2025-03-26,2025-04-03,8 days,; partially_closed,TH1.F
245.0,338.0,342.0,3.4000000953674316,4.312679913282395,3.086000049114227,4.312679913282395,223.60655538916598,0.2684352330338189,2025-05-05,2025-05-09,4 days,,TH1.F
400.0,403.0,404.0,2.640000104904175,2.5399999618530273,2.25999995470047,3.299459950447083,-40.000057220458984,-0.03787884055965873,2025-08-04,2025-08-05,1 days,; closed_due to volatility spike,TH1.F
405.0,405.0,406.0,2.5,2.299999952316284,2.0149999380111696,2.9876999380588534,-81.00001931190491,-0.0800000190734863,2025-08-06,2025-08-07,1 days,; closed_due to volatility spike,TH1.F
182.0,407.0,408.0,2.559999942779541,2.9000000953674316,,,61.880027770996094,0.13281256257323681,2025-08-08,2025-08-11,3 days,; partially_closed,TH1.F
181.0,407.0,440.0,2.559999942779541,2.9200000762939453,,3.7671001238822943,65.16002416610718,0.1406250552972792,2025-08-08,2025-09-24,47 days,; partially_closed,TH1.F
207.0,206.0,215.0,2.409809112548828,2.6076290607452393,,,40.948729276657104,0.08208946806877138,2024-10-21,2024-11-01,11 days,; partially_closed,VACE.F
207.0,206.0,223.0,2.409809112548828,2.6615800857543945,,3.1770633151531222,52.116591453552246,0.10447755878027665,2024-10-21,2024-11-13,23 days,; partially_closed; stop-loss tightened during volatility spike,VACE.F
449.0,321.0,322.0,2.427792549133301,2.6076290607452393,2.5340399727821348,3.3873101499080662,80.74659371376038,0.07407408498561319,2025-04-07,2025-04-08,1 days,; stop-loss tightened during volatility spike; closed_due to volatility spike,VACE.F
198.0,425.0,432.0,2.940000057220459,3.1600000858306885,,,43.56000566482544,0.0748299402477639,2025-09-03,2025-09-12,9 days,; partially_closed,VACE.F
199.0,425.0,435.0,2.940000057220459,3.0799999237060547,,3.8190600743293768,27.859973430633545,0.04761900127918861,2025-09-03,2025-09-17,14 days,; partially_closed,VACE.F
5.0,319.0,321.0,193.31826782226562,179.99108841636692,,251.12041848950346,-66.63589702949352,-0.06893905866232752,2025-04-03,2025-04-07,4 days,; stop-loss tightened during volatility spike,ADS.DE
5.0,321.0,322.0,184.64817810058594,188.1162109375,180.507628794286,243.8480914433125,17.340164184570312,0.018781841622205864,2025-04-07,2025-04-08,1 days,; stop-loss tightened during volatility spike; closed_due to volatility spike,ADS.DE
2.0,367.0,386.0,200.0,212.1999969482422,,,24.399993896484375,0.060999984741211044,2025-06-13,2025-07-10,27 days,; partially_closed,ADS.DE
2.0,367.0,394.0,200.0,201.33030338421972,,260.0597960357666,2.660606768439436,0.006651516921098555,2025-06-13,2025-07-22,39 days,; partially_closed,ADS.DE
4.0,396.0,400.0,198.5,185.0,,253.24004603576662,-54.0,-0.06801007556675065,2025-07-24,2025-07-30,6 days,,ADS.DE
5.0,400.0,402.0,174.89999389648438,164.7949981689453,,229.92300000000003,-50.52497863769531,-0.057775849515007804,2025-07-30,2025-08-01,2 days,,ADS.DE
2.0,402.0,434.0,167.25,175.75,,,17.0,0.05082212257100149,2025-08-01,2025-09-16,46 days,; partially_closed,ADS.DE
41.0,218.0,222.0,23.830429077148438,22.45056400197349,,31.026832395759076,-56.57446808217286,-0.057903492660907774,2024-11-06,2024-11-12,6 days,,BAYN.DE
45.0,222.0,225.0,20.780094146728516,20.207847595214844,18.687655960796842,26.818819055294842,-25.751094818115234,-0.027538207838378015,2024-11-12,2024-11-15,3 days,; closed_due to volatility spike,BAYN.DE
45.0,226.0,250.0,20.118276596069336,18.614357718572414,,26.094858078860767,-67.67634948736148,-0.07475386225631042,2024-11-18,2024-12-20,32 days,,BAYN.DE
22.0,250.0,264.0,18.84539794921875,20.640764236450195,,,39.4980583190918,0.09526815470117866,2024-12-20,2025-01-16,27 days,; partially_closed,BAYN.DE
22.0,250.0,282.0,18.84539794921875,20.517558827800897,,24.330206472064045,36.78753932880724,0.08873046263538664,2024-12-20,2025-02-11,53 days,; partially_closed,BAYN.DE
22.0,282.0,291.0,20.630813598632812,22.168420791625977,,,33.82735824584961,0.07452964400274831,2025-02-11,2025-02-24,13 days,; partially_closed,BAYN.DE
22.0,282.0,300.0,20.630813598632812,23.664802985066544,,26.999807251042775,66.74776650154209,0.14706106339086844,2025-02-11,2025-03-07,24 days,; partially_closed; stop-loss tightened during volatility spike,BAYN.DE
8.0,227.0,256.0,120.38111114501953,119.89026684974638,,156.69708719362472,-3.926754362185193,-0.004077419543684457,2024-11-19,2025-01-06,48 days,,BEI.DE
4.0,256.0,259.0,121.96768188476562,127.02488708496094,,,20.22882080078125,0.04146348542537148,2025-01-06,2025-01-09,3 days,; partially_closed,BEI.DE
4.0,256.0,263.0,121.96768188476562,121.91809878355858,,157.59875577297169,-0.19833240482819292,-0.00040652655228701207,2025-01-06,2025-01-15,9 days,; partially_closed,BEI.DE
9.0,368.0,402.0,110.55000305175781,108.17499809265136,,142.4353519821167,-21.375044631958033,-0.02148353589818086,2025-06-16,2025-08-01,46 days,,BEI.DE
9.0,402.0,405.0,108.19999694824219,99.5,,140.48685198211672,-78.29997253417969,-0.08040662840687374,2025-08-01,2025-08-06,5 days,,BEI.DE
9.0,405.0,406.0,97.5999984741211,97.5999984741211,92.57599792480468,126.78239801788331,0.0,0.0,2025-08-06,2025-08-07,1 days,; closed_due to volatility spike,BEI.DE
9.0,407.0,408.0,100.6500015258789,99.04000091552734,95.76599769592285,131.00414801788332,-14.490005493164062,-0.01599603165368657,2025-08-08,2025-08-11,3 days,; closed_due to volatility spike,BEI.DE
8.0,409.0,423.0,99.04000091552734,98.16750144958496,,127.74365524291994,-6.9799957275390625,-0.008809566416366987,2025-08-12,2025-09-01,20 days,,BEI.DE
9.0,423.0,432.0,97.73999786376953,94.42700119018555,,126.44465524291994,-29.816970062255834,-0.0338960174544064,2025-09-01,2025-09-12,11 days,,BEI.DE
9.0,432.0,437.0,94.4000015258789,90.06200065612794,,122.9633447570801,-39.04200782775874,-0.045953398301182724,2025-09-12,2025-09-19,7 days,,BEI.DE
13.0,200.0,218.0,71.89986419677734,66.15015296786449,,94.13741597302928,-74.74624597586715,-0.07996831834309037,2024-10-11,2024-11-06,26 days,,BMW.DE
7.0,218.0,237.0,64.36640930175781,68.12364959716797,,,26.300682067871094,0.058372687495984676,2024-11-06,2024-12-03,27 days,; partially_closed,BMW.DE
7.0,218.0,259.0,64.36640930175781,71.619017940373,,83.93241768002814,50.7682604703063,0.11267691824495052,2024-11-06,2025-01-09,64 days,; partially_closed,BMW.DE
18.0,430.0,431.0,55.35836410522461,55.160709381103516,50.90187587738037,71.87101634216309,-3.5577850341796875,-0.00357045818307411,2025-09-10,2025-09-11,1 days,; closed_due to volatility spike,CON.DE
4.0,434.0,439.0,232.1999969482422,223.124991607666,,301.8875920715332,-36.30002136230473,-0.03908271085205495,2025-09-16,2025-09-23,7 days,,DB1.DE
15.0,246.0,266.0,32.43817901611328,33.836952209472656,,,20.981597900390625,0.043121199641464214,2024-12-17,2025-01-21,35 days,; partially_closed,DHL.DE
15.0,246.0,275.0,32.43817901611328,32.190780464531485,,41.97650668678108,-3.710978273726937,-0.007626770647603309,2024-12-17,2025-02-03,48 days,; partially_closed,DHL.DE
91.0,247.0,260.0,10.911200523376465,10.467813050693536,,14.167389230248903,-40.34826001414652,-0.0406359934209809,2024-12-17,2025-01-10,24 days,,EOAN.DE
47.0,260.0,273.0,10.173828125,10.814812660217285,,,30.126273155212402,0.06300327933024574,2025-01-10,2025-01-29,19 days,; partially_closed,EOAN.DE
47.0,260.0,315.0,10.173828125,13.159458985858652,12.391008686338361,13.159458985858652,140.32465046035665,0.293461893023542,2025-01-10,2025-03-28,77 days,; partially_closed,EOAN.DE
27.0,212.0,218.0,36.4273796081543,34.37052273247629,,46.88831994073328,-55.53513564330622,-0.05646458509515129,2024-10-29,2024-11-06,8 days,,PAH3.DE
26.0,218.0,223.0,34.968013763427734,33.38781868456368,,45.32496787326683,-41.08507205046533,-0.04518972937824517,2024-11-06,2024-11-13,7 days,,PAH3.DE
14.0,223.0,264.0,32.58942794799805,34.56999969482422,,,27.728004455566406,0.06077344315421884,2024-11-13,2025-01-16,64 days,; partially_closed,PAH3.DE
13.0,223.0,276.0,32.58942794799805,34.42643253527625,,42.40752726976805,23.88105963461662,0.05636811392361518,2024-11-13,2025-02-03,82 days,; partially_closed,PAH3.DE
13.0,276.0,302.0,35.59345626831055,36.948585510253906,,,17.616680145263672,0.03807242633949692,2025-02-03,2025-03-11,36 days,; stop-loss tightened during volatility spike; partially_closed,PAH3.DE
13.0,276.0,309.0,35.59345626831055,35.59534967369015,,46.06355717289707,0.024614269934858157,5.319532234615565e-05,2025-02-03,2025-03-20,45 days,; stop-loss tightened during volatility spike; partially_closed,PAH3.DE
16.0,320.0,333.0,30.997386932373047,34.58895492553711,,,57.465087890625,0.11586679874015782,2025-04-04,2025-04-25,21 days,; partially_closed,PAH3.DE
15.0,320.0,367.0,30.997386932373047,33.689998626708984,,38.1113780347565,40.38917541503906,0.08686576388553013,2025-04-04,2025-06-13,70 days,; partially_closed,PAH3.DE
31.0,269.0,270.0,31.4652042388916,31.4652042388916,28.302128124558564,40.873300306320196,0.0,0.0,2025-01-23,2025-01-24,1 days,; closed_due to volatility spike,PUM.DE
32.0,271.0,272.0,30.919845581054688,30.997753143310547,29.1834259063453,39.67151549516407,2.4930419921875,0.002519662074366824,2025-01-27,2025-01-28,1 days,; stop-loss tightened during volatility spike; closed_due to volatility spike,PUM.DE
33.0,273.0,297.0,30.238147735595703,27.129607539215478,,39.27935390853882,-102.58182648054745,-0.10280193825235262,2025-01-29,2025-03-04,34 days,,PUM.DE
33.0,297.0,303.0,26.654369354248047,21.78510124611257,,35.028834936351295,-160.6858475684707,-0.18268179762277648,2025-03-04,2025-03-12,8 days,,PUM.DE
33.0,303.0,304.0,22.15516471862793,21.541637420654297,18.63176216156221,28.539200905848777,-20.246400833129883,-0.02769229232846926,2025-03-12,2025-03-13,1 days,; closed_due to volatility spike,PUM.DE
32.0,305.0,306.0,21.677976608276367,21.677976608276367,18.343502650782995,28.159691614151004,0.0,0.0,2025-03-14,2025-03-17,3 days,; closed_due to volatility spike,PUM.DE
30.0,307.0,319.0,23.362743377685547,20.25858513453487,,30.398804974228778,-93.12474729452035,-0.13286788254993853,2025-03-18,2025-04-03,16 days,,PUM.DE
16.0,319.0,333.0,19.75948715209961,22.13568687438965,,,38.019195556640625,0.12025614349194025,2025-04-03,2025-04-25,22 days,; partially_closed,PUM.DE
15.0,319.0,362.0,19.75948715209961,21.429130200936086,,25.68022201614529,25.044645732547153,0.08449829876576853,2025-04-03,2025-06-06,64 days,; partially_closed,PUM.DE
16.0,362.0,381.0,21.65999984741211,23.299999237060547,,,26.239990234375,0.07571557715612731,2025-06-06,2025-07-03,27 days,; partially_closed,PUM.DE
15.0,362.0,392.0,21.65999984741211,21.825313016468854,,28.136339801788335,2.479697535851173,0.007632186990827572,2025-06-06,2025-07-18,42 days,; partially_closed,PUM.DE
16.0,392.0,396.0,21.90999984741211,24.6299991607666,,,43.519989013671875,0.12414419590586001,2025-07-18,2025-07-24,6 days,; partially_closed,PUM.DE
16.0,392.0,397.0,21.90999984741211,20.809999465942383,,28.590990297317507,-17.600006103515625,-0.050205403429049,2025-07-18,2025-07-25,7 days,; partially_closed,PUM.DE
35.0,397.0,402.0,20.700000762939453,18.445216472863684,,26.655480594635012,-78.9174501526519,-0.10892677328363454,2025-07-25,2025-08-01,7 days,,PUM.DE
18.0,402.0,419.0,18.299999237060547,20.6299991607666,,,41.939998626708984,0.1273224055106743,2025-08-01,2025-08-26,25 days,; partially_closed,PUM.DE
17.0,402.0,426.0,18.299999237060547,19.8700008392334,,23.771699008941653,26.690027236938477,0.08579244085395032,2025-08-01,2025-09-04,34 days,; partially_closed; stop-loss tightened during volatility spike,PUM.DE
18.0,426.0,436.0,20.059999465942383,22.610000610351562,,,45.900020599365234,0.1271187045013904,2025-09-04,2025-09-18,14 days,; stop-loss tightened during volatility spike; partially_closed,PUM.DE
17.0,426.0,437.0,20.059999465942383,21.93551953125,,26.213820396423344,31.88384111022952,0.0934955192043676,2025-09-04,2025-09-19,15 days,; stop-loss tightened during volatility spike; partially_closed,PUM.DE
18.0,246.0,256.0,27.6607608795166,29.296403884887695,,,29.441574096679688,0.05913224919934579,2024-12-16,2025-01-06,21 days,; partially_closed,RWE.DE
18.0,246.0,259.0,27.6607608795166,27.79577398866146,,35.70502662467464,2.4302359646074336,0.004881033812950353,2024-12-16,2025-01-09,24 days,; partially_closed,RWE.DE
18.0,259.0,280.0,27.622047424316406,27.72850799560547,,,1.916290283203125,0.0038541882740865674,2025-01-09,2025-02-07,29 days,; partially_closed,RWE.DE
19.0,259.0,283.0,27.622047424316406,27.641403661111827,,35.830749046156214,0.36776849911299436,0.0007007531519325205,2025-01-09,2025-02-12,34 days,; partially_closed,RWE.DE
4.0,424.0,431.0,227.25,222.0,,298.9648420715332,-21.0,-0.02310231023102305,2025-09-02,2025-09-11,9 days,,SAP.DE
11.0,202.0,212.0,86.10454559326172,82.88945764360749,,111.04547745302112,-35.365967446196564,-0.03733935215036821,2024-10-15,2024-10-29,14 days,,VOW3.DE
11.0,212.0,218.0,83.42139434814453,78.35156703947686,,107.7550545181563,-55.76810039534436,-0.06077370617313871,2024-10-29,2024-11-06,8 days,,VOW3.DE
11.0,218.0,230.0,79.10585021972656,75.04172915723127,,102.92911835649679,-44.70533168744818,-0.051375733289088954,2024-11-06,2024-11-22,16 days,,VOW3.DE
6.0,230.0,246.0,76.74168395996094,80.90711975097656,,,24.99261474609375,0.054278660254430955,2024-11-22,2024-12-16,24 days,; partially_closed,VOW3.DE
5.0,230.0,276.0,76.74168395996094,87.58684086365173,,99.68744746398927,54.22578451845396,0.14132028832399768,2024-11-22,2025-02-03,73 days,; partially_closed,VOW3.DE
22.0,312.0,320.0,23.201892852783203,25.407032012939453,,,48.5130615234375,0.09504134745160364,2025-03-25,2025-04-04,10 days,; partially_closed,VNA.DE
21.0,312.0,322.0,23.201892852783203,24.7454891204834,23.844144412858633,30.226439919675027,32.4155216217041,0.0665288938921651,2025-03-25,2025-04-08,14 days,; partially_closed; stop-loss tightened during volatility spike; closed_due to volatility spike,VNA.DE
