Date,Open,High,Low,Close,Volume
2024-01-02,16486.609409025365,16977.2109375,16486.609409025365,16977.2109375,1337
2024-01-03,16975.212560601936,16977.2109375,15994.009503652669,16977.2109375,1621
2024-01-04,16486.607725904756,16976.210015946774,16448.638568717823,16496.599609375,1376
2024-01-05,15937.057245349282,17274.970703125,15937.057245349282,17274.970703125,1243
2024-01-08,17170.05397538508,17170.05397538508,16286.771403560102,16541.564453125,2655
2024-01-09,16386.691986823127,16916.261910787533,16385.692798287346,16625.498046875,7663
2024-01-10,16675.456799059062,16786.366722043997,16351.7197265625,16351.7197265625,197
2024-01-11,16286.774661144578,16782.372221385544,16286.774661144578,16586.53125,194
2024-01-12,16585.53031585733,16786.36720925376,16112.914143834887,16147.8857421875,2542
2024-01-15,16177.859777166355,16791.36146966096,16177.859777166355,16435.650390625,1013
2024-01-16,16436.65077592243,16436.65077592243,16136.894226817461,16410.671875,1601
2024-01-17,15967.033227967328,16586.53013668696,15967.033227967328,16575.5390625,1577
2024-01-18,16485.611970203638,16785.368536726524,16077.943039732514,16765.384765625,16382
2024-01-19,16027.98331284797,16826.33495345426,16027.98331284797,16690.4453125,5668
2024-01-22,16766.382174754282,16977.2109375,16587.52744237758,16977.2109375,11968
2024-01-23,16750.39445172991,16915.260538853236,16192.847320731025,16786.365234375,16668
2024-01-24,16637.487031133045,16886.284957428892,16636.487842674025,16686.447265625,561
2024-01-25,16636.487842674025,16915.261422740456,16537.5681852311,16686.447265625,250
2024-01-26,16587.527608182074,16686.447265625,16587.527608182074,16686.447265625,199
2024-01-29,16636.487745608018,16844.31894387147,16636.487745608018,16657.470703125,368
2024-01-30,16642.482945907555,16877.292233388842,16250.801070619626,16266.7880859375,1227
2024-01-31,16242.808204747775,16836.326171875,16242.808204747775,16836.326171875,278
2024-02-01,16336.732488961168,16546.562080562504,16201.842037217451,16377.69921875,1567
2024-02-02,16387.690155418884,16756.39070217515,16186.853272226444,16436.650390625,22547
2024-02-05,16436.650794188685,16436.650794188685,15667.275650630916,15837.1376953125,863
2024-02-06,15667.275830361123,16418.66558957232,15637.300175073442,15688.2587890625,1751
2024-02-07,15688.2587890625,15688.2587890625,15688.2587890625,15688.2587890625,0
2024-02-08,15689.25866956209,15771.192130962172,14998.819378983348,15187.666015625,11339
2024-02-09,14986.828751715582,14987.827940244933,14787.990234375,14787.990234375,7712
2024-02-12,14738.030989583334,14987.828125,14394.31013125,14987.828125,2184
2024-02-13,14887.907694498697,15436.462145792642,14188.47578938802,14388.3134765625,1082
2024-02-14,14388.313678399885,14388.313678399885,13389.125228511004,13937.6796875,27417
2024-02-15,13852.749285227272,14088.557769886364,13489.044673295455,13738.841796875,21598
2024-02-16,13987.639931797023,14287.396484375,13738.8419931573,14287.396484375,4143
2024-02-19,13988.638920454545,13988.638920454545,13738.841796875,13738.841796875,539
2024-02-20,13738.842334678227,14344.3505859375,13738.842334678227,14344.3505859375,3323
2024-02-21,14387.314727038873,14388.313915505227,14337.355303721146,14338.3544921875,205
2024-02-22,13902.708084083715,14337.355059545582,13738.841178392344,14085.5595703125,4538
2024-02-23,14337.355001390124,14337.355001390124,13788.800544928827,14038.59765625,758
2024-02-26,14335.358002401355,14072.571416032668,13740.8408203125,13740.8408203125,705
2024-02-27,13738.841412374783,14338.3544921875,13359.149795160061,14338.3544921875,3956
2024-02-28,13887.720943146516,14187.47749275037,13147.322265625,13147.322265625,1988
2024-02-29,13787.802287181712,13787.802287181712,13149.320827546297,13489.044921875,946
2024-03-01,13988.638671875,13988.638671875,13489.04443359375,13988.638671875,2023
2024-03-04,13788.801933606,14337.3564453125,13788.801933606,14337.3564453125,3380
2024-03-05,14480.240239025614,14986.828825913964,14438.274320585158,14687.072265625,4241
2024-03-06,14289.394884900325,14831.954245959052,14289.394884900325,14488.2333984375,2117
2024-03-07,14985.828161214193,14985.828161214193,14388.3134765625,14388.3134765625,3664
2024-03-08,13688.8818359375,14388.313754562043,13688.8818359375,13688.8818359375,2801
2024-03-11,13095.363999562689,14488.232717355333,13095.363999562689,13209.271484375,12713
2024-03-12,13139.329343584968,13907.705333335298,13099.361801855432,13244.244140625,15429
2024-03-13,13244.242174318137,13613.941880428865,13239.246232343667,13250.2373046875,10737
2024-03-14,13164.308814683342,13435.08890491326,13139.3291015625,13139.3291015625,32012
2024-03-15,13091.367419921875,13988.638671875,13101.3593046875,13988.638671875,36251
2024-03-18,13798.793140210446,14887.908601675283,12272.033117166162,12804.6005859375,58041
2024-03-19,12692.913508848504,13992.188119990478,12493.025107134355,12593.96875,4865
2024-03-20,12592.968881730554,13693.354495919866,12892.80147415271,13336.5537109375,6431
2024-03-22,12992.745535714286,13942.215401785714,12992.745535714286,13292.578125,671
2024-03-25,13992.18637589928,13992.18637589928,12992.744491906475,13892.2421875,5744
2024-03-26,14040.161390086207,14491.9091796875,13392.522966056034,14491.9091796875,28038
2024-03-27,14042.159189860025,14491.908060709635,14042.159189860025,14391.9638671875,42560
2024-03-28,14043.159040178572,14490.909040178572,14043.159040178572,14481.9140625,133
2024-04-02,14541.880580357143,14541.880580357143,13742.327008928572,13992.1875,3001
2024-04-03,14193.075894670612,14490.909611775875,13792.299651183328,14147.1015625,3206
2024-04-04,14247.045620981531,14851.708027203475,14192.07631132499,14194.0751953125,3877
2024-04-05,14192.075468381723,14192.075468381723,13692.354501185182,13993.1865234375,3548
2024-04-08,13792.29842924736,14332.996505350462,13792.29842924736,14192.0751953125,2620
2024-04-09,13874.252939175363,14196.0732421875,13792.2987005201,14196.0732421875,3841
2024-04-10,13802.292848398987,14192.0751953125,13802.292848398987,14192.0751953125,2900
2024-04-11,14329.000166652513,14329.000166652513,13532.44488083107,13792.2998046875,1245
2024-04-12,13953.20971075925,13953.20971075925,13053.7119140625,13053.7119140625,4192
2024-04-15,13093.689039011682,13521.4501953125,12143.219740782532,13521.4501953125,4879
2024-04-16,13066.704492996807,14471.919921875,12353.102916738606,14471.919921875,22017
2024-04-17,13943.21484375,14384.968191964286,13943.21484375,14341.9921875,2379
2024-04-18,13818.285279786882,14142.1044921875,13393.522424014465,14142.1044921875,324
2024-04-19,14848.709410391733,15590.295355233266,13643.382389530696,14092.1318359375,1989
2024-04-22,14233.053013392857,14491.908482142857,14233.053013392857,14341.9921875,10384
2024-04-23,14292.020745528373,15191.5185546875,14292.020745528373,15191.5185546875,29934
2024-04-24,14825.722098214286,15191.517857142857,14092.131696428572,14691.796875,3662
2024-04-25,14930.663504464286,15414.393415178572,14592.852120535714,14691.796875,1836
2024-04-26,15441.378056961945,15441.378056961945,14691.796597886123,14792.740234375,105
2024-04-29,14799.737859087772,15440.38021238837,14442.937047655145,14842.7138671875,1733
2024-04-30,15480.355748361895,15491.349609375,14476.916070438509,15491.349609375,14153
2024-05-02,15591.295072115385,15591.295072115385,15201.5126953125,15201.5126953125,3214
2024-05-03,15111.5625,15441.378348214286,14272.03125,14691.796875,1841
2024-05-06,15190.51739231499,15190.51739231499,14501.901925290513,14502.9013671875,2688
2024-05-07,14925.667587714855,14940.65921847793,14243.048666969627,14492.9091796875,361
2024-05-08,14501.902901785714,14991.629464285714,14471.919642857143,14481.9140625,1039
2024-05-09,14840.71440911544,15320.446574000309,14491.909147563734,15191.5185546875,14885
2024-05-10,15341.434151785714,15491.350446428572,14991.629464285714,15391.40625,28039
2024-05-13,15546.319754464286,15546.319754464286,15121.556919642857,15391.40625,10870
2024-05-14,15989.072968468121,15989.072968468121,15191.518259827193,15789.1845703125,974
2024-05-15,15292.461922460938,15394.405005664063,14991.6298828125,14991.6298828125,914
2024-05-16,15363.422020037959,15363.422020037959,14664.812080407037,14777.7490234375,785
2024-05-17,15290.463662491977,15290.463662491977,14209.0673828125,14209.0673828125,46771
2024-05-20,14167.089431762695,14986.631818644206,14093.130728556314,14391.9638671875,23050
2024-05-21,14112.121214978448,14580.85951879041,14112.121214978448,14491.9091796875,23240
2024-05-22,14825.721958677139,14825.721958677139,14292.019954771678,14822.7236328125,1526
2024-05-23,14821.723601865096,14821.723601865096,14192.0751953125,14192.0751953125,6758
2024-05-24,14790.742050838386,14790.742050838386,14092.132097899943,14690.7978515625,5555
2024-05-27,14491.9091796875,15141.546487742457,14491.9091796875,14491.9091796875,784
2024-05-28,14691.798147810927,14691.798147810927,14492.9091796875,14492.9091796875,290
2024-05-30,14492.908345218502,14729.776097636735,14403.9580078125,14403.9580078125,2980
2024-05-31,14790.74119934082,14790.74119934082,14391.9638671875,14391.9638671875,259
2024-06-03,14690.79785296235,14690.79785296235,14075.141585364227,14641.8251953125,2185
2024-06-04,14691.796447753906,14691.796447753906,14317.005722045898,14391.9638671875,1739
2024-06-05,14147.100869207512,14591.8525390625,13824.281117829623,14591.8525390625,3077
2024-06-06,14148.100586491577,14491.908625609485,14042.159737228501,14092.1318359375,4722
2024-06-07,14640.824632530606,14640.824632530606,14541.8798828125,14541.8798828125,2588
2024-06-10,14572.86454375722,14691.798147810927,14292.021327462331,14492.9091796875,717
2024-06-11,14621.836357462063,14621.836357462063,14243.047842118376,14571.8642578125,1025
2024-06-12,14043.159855529679,14559.871381065857,14043.159855529679,14416.951171875,4501
2024-06-13,14416.950474088992,15391.406398680796,14243.047570623377,14441.9365234375,106345
2024-06-14,14442.935961662506,14840.7138671875,14441.936519688827,14840.7138671875,26061
2024-06-18,14492.907275703627,15591.2939453125,14491.907833784055,15591.2939453125,141844
2024-06-19,14993.628217407226,16789.625411560057,14993.628217407226,15991.0712890625,97580
2024-06-20,16323.886319219242,16469.80485241008,15732.216650390625,15891.1279296875,100912
2024-06-21,14992.628203977034,15791.182296036073,14392.963053494652,14891.6845703125,12589
2024-06-24,14891.684991289416,15238.491346455687,14272.03098494046,15023.611328125,4972
2024-06-25,14991.6298828125,15730.217515039061,14601.847505859374,14991.6298828125,5090
2024-06-26,15487.35267857143,15791.183035714286,15092.573102678572,15692.23828125,7470
2024-06-27,15309.452711888363,15492.35059975072,14791.741750616777,15191.5185546875,10461
2024-06-28,15192.517436983433,15974.081060147766,15091.573797674484,15372.4169921875,6556
2024-07-01,15973.080636213086,16091.014781818963,15566.307778063998,15974.080078125,81197
2024-07-02,15992.070006426411,15992.070006426411,15491.349609375,15491.349609375,7388
2024-07-03,15973.080636213086,15991.070590627542,15792.181650156612,15974.080078125,25343
2024-07-04,16078.023440429139,16489.793544081578,15974.081472516873,15994.0703125,17358
2024-07-05,16092.014519102515,16434.823101181402,16017.056374333079,16390.84765625,4582
2024-07-08,16191.958570084835,16640.70799283455,16191.958570084835,16290.9033203125,26367
2024-07-09,16291.903191929447,16968.525390625,16291.903191929447,16968.525390625,22480
2024-07-10,16641.70787322548,17128.436101816005,16641.70787322548,16940.541015625,15281
2024-07-11,16690.681082605992,17140.42997405346,16689.681640625,16689.681640625,4210
2024-07-12,16690.681082605992,17106.448946699653,16689.681640625,16689.681640625,5644
2024-07-15,16863.585112677578,16981.5192704027,16620.720703125,16620.720703125,4527
2024-07-16,16833.601004464286,16940.54129464286,16671.69140625,16671.69140625,11792
2024-07-17,16621.71974304096,16800.619859330083,15992.0712890625,15992.0712890625,3370
2024-07-18,16324.88559612854,16789.626125221217,16068.029002630008,16518.77734375,11043
2024-07-19,16147.982751473499,16914.5546875,16147.982751473499,16914.5546875,4302
2024-07-22,16690.679696778505,16914.5546819329,16690.679696778505,16830.6015625,3260
2024-07-23,16914.557482738695,16914.557482738695,16790.62666686422,16863.5859375,3761
2024-07-24,16283.908475142045,16914.55637594697,16283.908475142045,16490.79296875,69637
2024-07-25,16491.791291206173,16773.633915539252,16216.944760384908,16390.84765625,6625
2024-07-26,16221.941451950632,16914.5546875,16220.942010052293,16914.5546875,5243
2024-07-29,16891.56791512893,16914.555079323236,16290.9033203125,16290.9033203125,37292
2024-07-30,16290.90457147748,16790.625570602555,16221.943073598219,16420.83203125,4176
2024-07-31,16217.943684357275,16940.54017685683,16217.943684357275,16914.5546875,2427
2024-08-01,16914.553836030507,16990.511416480655,16720.66211751302,16790.623046875,52830
2024-08-02,16790.62556818182,16913.556933948865,16490.79296875,16490.79296875,3608
2024-08-05,16869.58136513485,16948.537282419387,15691.2392578125,15691.2392578125,6279
2024-08-06,16389.8494981485,16638.710558276493,15751.2060546875,15751.2060546875,12220
2024-08-07,15057.592633928572,15991.07142857143,15057.592633928572,15741.2109375,28515
2024-08-08,14991.6296056799,15492.350034509607,14344.99064868824,14791.7412109375,73341
2024-08-12,15172.528609062852,15172.528609062852,14002.182057372409,14183.0810546875,21371
2024-08-13,13993.186808179045,15110.56291356753,13993.186808179045,14591.8525390625,20434
2024-08-14,14940.65734584041,15329.440254900006,14391.963728684319,14417.94921875,41614
2024-08-15,14890.68568352686,15139.546730254708,14367.97754120291,14591.8525390625,26082
2024-08-16,15290.462334724858,15941.099041693018,14793.739687469595,15408.396484375,410026
2024-08-19,15492.350148703168,16696.677735903173,15492.350148703168,16605.728515625,9586
2024-08-20,16604.729626340006,16870.581202155972,16191.960074415218,16711.669921875,36448
2024-08-21,16869.57979884259,16989.51282662037,16673.689186805554,16865.58203125,24525
2024-08-22,16240.931366711127,16540.763945788873,15692.237746998855,16390.84765625,13923
2024-08-23,15971.081521332335,16914.55467252994,15971.081521332335,16690.6796875,8204
2024-08-26,16914.555803571428,16914.555803571428,16590.73660714286,16615.72265625,8375
2024-08-27,16246.928299340132,16690.68052405144,16246.928299340132,16660.697265625,13320
2024-08-28,16391.848076056605,16716.666722768296,16247.92842951358,16341.8759765625,9213
2024-08-29,16502.78516094163,16840.596533543267,16502.78516094163,16642.70703125,3690
2024-08-30,16913.555230632486,16913.555230632486,16344.872790980538,16690.6796875,7899
2024-09-02,16346.872219740872,16914.55523642055,16346.872219740872,16642.70703125,36452
2024-09-03,16430.825612389177,16668.692795828876,16341.875279086098,16345.873046875,10613
2024-09-04,16340.875973510741,16341.87541546631,15991.0712890625,15991.0712890625,17382
2024-09-05,15697.235354125976,15991.0712890625,15697.235354125976,15991.0712890625,17302
2024-09-06,15793.182198519527,15991.07171094244,15792.182756537593,15801.177734375,5566
2024-09-09,15798.179550843452,15807.174528761941,15691.2392578125,15691.2392578125,6070
2024-09-10,15941.099469700084,15990.07212637816,15513.338305246689,15960.0888671875,4238
2024-09-11,15541.32213273833,16040.043659698873,15541.32213273833,15791.1826171875,24235
2024-09-12,15791.183175214386,15897.124024364557,15672.24958041372,15792.1826171875,18465
2024-09-13,15991.072130503146,15991.072130503146,15793.18261288817,15891.1279296875,3001
2024-09-16,15892.126253650078,16041.043102388765,15802.176479244159,15819.1669921875,4792
2024-09-17,16609.72542915439,16609.72542915439,15891.126681723015,16111.00390625,17549
2024-09-18,16007.061396332427,16326.882802852555,16007.061396332427,16186.9609375,14339
2024-09-19,16190.961455195782,16745.651801346008,16013.060767601655,16590.73828125,15566
2024-09-20,16490.791973645173,16745.649667783327,15633.270791015626,15791.1826171875,91306
2024-09-23,15891.127767614664,16689.68192398725,15891.127767614664,16560.75390625,12809
2024-09-25,15750.450773922623,16392.183933588694,15750.450773922623,16226.2529296875,10094
2024-09-26,16226.253115581836,16531.12634913401,16114.299665883987,16210.259765625,10996
2024-09-27,16104.302780347962,16420.171421561416,15634.49815575833,16137.2890625,17784
2024-09-30,15795.432447107918,16143.287812985247,15795.432447107918,16093.30859375,15249
2024-10-01,16143.287940589787,16356.199416214904,15793.433403177625,16145.287109375,19636
2024-10-02,16094.308403053978,16493.142578125,16094.308403053978,16493.142578125,7002
2024-10-03,16493.14193159905,16772.025967896996,16443.162713624508,16717.048828125,191538
2024-10-04,16395.183521260966,16817.00814301271,16395.183521260966,16752.03515625,1981
2024-10-07,16595.099737675635,16817.007468175812,16393.183694607902,16647.078125,4596
2024-10-08,16431.166121651786,16842.99483816964,16431.166121651786,16793.015625,21762
2024-10-09,16792.016040736606,16842.99483816964,16604.09419921875,16793.015625,46262
2024-10-10,16793.015625,16948.950770089286,16781.020613839286,16793.015625,196871
2024-10-11,16793.017787089873,16842.997006694306,16608.094674553467,16817.0078125,38250
2024-10-14,16793.017254759932,17292.80943496112,16793.017254759932,16904.970703125,139356
2024-10-15,16992.935173496946,17662.65673621712,16983.938913699214,17024.921875,32934
2024-10-16,16893.97581763005,17012.92636033746,16893.97581763005,16957.94921875,131191
2024-10-17,17077.898015853363,17187.85229046524,16902.97076078902,17029.91796875,78726
2024-10-18,17043.912354462685,17098.889492430866,16893.974705458557,17006.927734375,100113
2024-10-21,17176.857355356424,17380.77256139068,16892.975401857748,17345.787109375,40230
2024-10-22,17792.60048710401,18471.318224786235,17216.8399320157,17827.5859375,64160
2024-10-23,18132.4602440309,18129.46149095857,17655.6585055302,17792.6015625,6872
2024-10-24,18586.2706301255,18586.2706301255,17930.543323824415,18100.47265625,82160
2024-10-25,18295.39134984672,18486.311950175666,18137.45703125,18137.45703125,415407
2024-10-28,18589.26913255201,18589.26913255201,18137.45703125,18137.45703125,42266
2024-10-29,18196.43286795407,18197.432452268946,17715.6328125,17715.6328125,20216
2024-10-30,17543.70612738715,17992.51953125,17543.70612738715,17992.51953125,47148
2024-10-31,18194.43501652252,18194.43501652252,17610.677734375,17610.677734375,6022
2024-11-01,17792.60141016713,18097.4746365773,17792.60141016713,17942.5390625,7200
2024-11-04,18096.47697804474,18097.4765625,17993.51977915286,18097.4765625,11713
2024-11-05,18097.475732825413,18142.45703125,18092.477810778237,18142.45703125,20315
2024-11-06,18042.497891268886,18342.37320248111,18042.497891268886,18192.435546875,40024
2024-11-07,18192.436713165742,18599.267578125,18192.436713165742,18599.267578125,5842
2024-11-08,18448.328683813674,18836.167409936326,18428.336996900132,18642.248046875,40782
2024-11-11,19489.896474000678,19489.896474000678,18292.39437245935,18442.33203125,5521
2024-11-12,18889.14552797446,18950.120173537587,18542.28975731207,18882.1484375,179897
2024-11-13,19284.979483051917,19284.979483051917,18540.289195648522,18592.267578125,5625
2024-11-14,18497.30855724594,18762.198412294314,18193.434912209315,18558.283203125,8625
2024-11-15,18543.287948483703,18863.154917569726,18207.42763094338,18592.267578125,5028
2024-11-18,18593.268263692655,18902.13982401097,18593.268263692655,18792.185546875,4313
2024-11-19,18989.10476243832,19321.96636615954,18625.25604245477,18992.103515625,36630
2024-11-20,18712.218476676386,19400.93207338739,18712.218476676386,19200.015625,7549
2024-11-21,19092.059706930053,19391.934990284975,18993.100863422926,19291.9765625,9359
2024-11-22,19291.977753181538,19696.80941069649,19092.06088527292,19557.8671875,8027
2024-11-25,19889.728759590507,19891.727928226508,19427.92080467389,19509.88671875,3606
2024-11-26,18994.102201039226,19389.937611607143,18992.103032298986,19207.013671875,5135
2024-11-27,19483.898559206296,19483.898559206296,18993.102633053502,19441.916015625,1482
2024-11-28,18993.103048004767,19630.837890625,18913.136296579032,19630.837890625,22756
2024-11-29,19620.839789912563,19620.839789912563,18695.224748623703,19291.9765625,6338
2024-12-02,19304.973656572165,19990.68855992268,19304.973656572165,19391.9375,62340
2024-12-03,19241.997348607514,19711.80195919689,19167.028527768784,19291.9765625,20139
2024-12-04,19390.936513421475,19491.89453125,19291.97766426282,19491.89453125,106983
2024-12-05,19054.077970360824,19462.907992912373,19054.077970360824,19391.9375,18543
2024-12-06,19691.810273639894,19691.810273639894,19291.9765625,19291.9765625,20929
2024-12-09,19292.97864368557,19711.80451030928,19292.97864368557,19391.9375,51374
2024-12-10,19296.976981314434,19589.855212628867,19291.97905927835,19391.9375,204764
2024-12-11,19683.814373494548,19711.802734375,19301.97316433982,19711.802734375,10752
2024-12-12,19307.97246542292,19942.70856583416,19307.97246542292,19847.748046875,37608
2024-12-13,19891.728028503563,21285.14857482185,19891.728028503563,21041.25,13948
2024-12-17,21471.07276526163,22040.835869367733,21042.251060592298,21491.064453125,19275
2024-12-18,21043.24832757353,22489.646785202207,21043.24832757353,21241.166015625,18211
2024-12-19,20940.291146415442,21299.141904044118,19994.68441461397,21241.166015625,6340
2024-12-20,21890.89618131278,22880.48463882418,20891.311880796216,22688.564453125,25394
2024-12-23,21555.036459173618,22484.649884652725,20995.26923522921,21684.982421875,8582
2024-12-24,22490.64847083136,22490.64847083136,21086.232421875,21086.232421875,4462
2024-12-27,21297.14347167114,21989.855403796744,20993.269839108107,21130.212890625,1960
2024-12-30,21989.856993772377,21989.856993772377,20745.374428326373,20941.29296875,53277
2024-12-31,21990.855941339792,21732.963176209534,20894.311897355714,21151.205078125,5808
2025-01-02,21311.136994480963,21311.136994480963,20789.35399677369,21213.177734375,10500
2025-01-03,21087.230000361167,21264.15641816852,20757.3671875,20757.3671875,1860
2025-01-06,21308.139725353423,21308.139725353423,20748.372485770087,20991.271484375,4131
2025-01-07,21310.13814822915,21478.068314226737,20945.28987091297,21102.224609375,3812
2025-01-08,20948.289055072622,21340.12611713248,20948.289055072622,21291.146484375,7075
2025-01-09,21192.186253962864,21192.186253962864,20657.408665836352,20691.39453125,49298
2025-01-10,20692.39582820197,20890.31353140394,20291.5625,20291.5625,1635
2025-01-13,19993.68471542969,20730.37832783203,19502.888835253907,19991.685546875,96224
2025-01-14,19991.68810201401,20991.27250711471,19891.72966150394,20547.45703125,2482
2025-01-15,20753.371261643628,21341.126887394832,20336.544567871093,20791.35546875,19337
2025-01-16,21194.18645997078,21790.93830247432,20330.54560247822,20825.33984375,45872
2025-01-17,21725.96721894055,21725.96721894055,20393.521196265243,20491.48046875,2469
2025-01-20,20444.499707270486,20629.42282103595,20401.517578125,20401.517578125,35869
2025-01-21,20875.31940370675,20875.31940370675,20492.478600622107,20511.470703125,3599
2025-01-22,20872.321829927885,20872.321829927885,20401.517578125,20401.517578125,29448
2025-01-23,20401.515811572346,20591.43683088635,20151.619733527612,20237.583984375,8663
2025-01-24,20391.521805037315,20510.47234890003,20091.646484375,20091.646484375,15951
2025-01-27,19992.68715387908,20267.572857959716,19343.95689224879,19775.77734375,10525
2025-01-28,20435.502143429487,20435.502143429487,19351.952724358976,19491.89453125,15099
2025-01-29,19831.753205128207,19990.687114383014,19491.89453125,19491.89453125,4214
2025-01-30,19941.706641038443,19941.706641038443,19491.893709285694,19832.751953125,1149
2025-01-31,19971.6966796875,19971.6966796875,19491.896158854168,19791.771484375,123325
2025-02-03,19692.809857917746,19971.693871437823,19291.9765625,19291.9765625,7170
2025-02-04,19291.97873661102,19721.800024525153,19291.97873661102,19550.87109375,1090
2025-02-05,19971.69543789421,19971.69543789421,19291.978075643558,19492.89453125,8781
2025-02-06,19492.895497351095,19971.696427725492,19399.934147612432,19781.775390625,14137
2025-02-07,19541.874933182567,19741.791812294407,18992.103515625,18992.103515625,3660
2025-02-10,18992.104225669413,19938.710683654095,18992.104225669413,19411.9296875,4831
2025-02-11,18693.22762575473,19941.708525416125,18174.443328777743,19142.041015625,12066
2025-02-12,18869.153490584937,19682.81513922276,17992.518028846156,19491.89453125,8327
2025-02-13,19491.893408203126,19991.685546875,19249.994013085936,19991.685546875,15228
2025-02-14,19291.977814114987,19851.745046027132,19291.977814114987,19341.95703125,4043
2025-02-17,19990.68807304786,19990.68807304786,19344.956561712846,19841.75,529
2025-02-18,19840.75066745477,19991.68791118421,18992.103515625,18992.103515625,6964
2025-02-19,18993.102735050637,19192.020025944545,18393.352109239873,18493.310546875,3811
2025-02-20,18829.17084708817,18991.103515625,18493.3104975303,18991.103515625,3592
2025-02-21,19142.039978277582,19142.039978277582,18598.26610108787,18773.193359375,3096
2025-02-24,18992.10248124765,19291.97778358314,18557.28329286119,18623.255859375,10671
2025-02-25,18557.28328081837,18992.102468922654,17191.85107173688,18092.4765625,9750
2025-02-26,17845.579643771915,18671.236328125,17843.58047504467,18671.236328125,7741
2025-02-27,18396.349430241913,18517.299130364674,18015.5078125,18015.5078125,2730
2025-02-28,18102.472405904697,18792.18560082873,18092.4765625,18092.4765625,1264
2025-03-03,18092.476477062017,18982.106535878876,17592.684309187374,18463.322265625,6382
2025-03-04,17609.67707363391,19192.019061915824,17609.67707363391,17645.662109375,1567
2025-03-05,17652.65982044956,18392.35224780702,16493.141961348683,17092.892578125,4155
2025-03-06,17192.850549925166,17792.60115050395,15350.616621813997,15694.4736328125,37686
2025-03-07,16242.245808449961,16992.933641679447,15994.348894147814,16293.224609375,22193
2025-03-10,15713.465598861525,16441.162987918215,15713.465598861525,16133.291015625,11665
2025-03-11,16193.266225961539,16330.209279847757,15870.400485777245,15983.353515625,203447
2025-03-12,15943.37072583287,15993.349944409149,15014.756844685613,15733.4580078125,25246
2025-03-13,15310.63410498681,15993.350243506493,15307.635351816152,15393.599609375,299511
2025-03-14,15493.557464307109,15682.478906936401,14744.868784257687,15643.4951171875,15875
2025-03-17,15493.55734223301,15992.349930218446,15044.743971480582,15443.578125,14351
2025-03-18,15493.557181618608,15991.350180098998,15221.670242689559,15694.4736328125,254073
2025-03-19,15992.349930218446,15993.349514563108,15303.636316747574,15443.578125,14266
2025-03-20,15593.516924856965,15892.392665916723,15199.6806640625,15199.6806640625,4914
2025-03-24,15594.514654863911,15685.47682610887,15244.660150075604,15493.556640625,5234
2025-03-25,15393.599104634832,15593.515976123595,15294.640253247893,15568.5263671875,11841
2025-03-26,15246.852959728625,15796.73945991556,14707.96418954543,15125.8779296875,15076
2025-03-27,15746.749781558388,15991.699222604851,15171.86844032689,15196.86328125,19963
2025-03-28,15396.82248137718,15396.82248137718,15097.884174758234,15132.876953125,20953
2025-03-31,15096.8837890625,15281.845610319226,14996.904426221026,15096.8837890625,20110
2025-04-01,15430.815376134073,15977.702509135584,15096.884293094758,15496.8017578125,16894
2025-04-02,15250.852117592112,15881.721901661906,15250.852117592112,15636.7724609375,16019
2025-04-03,15496.80197747427,15813.736572755517,14897.925565570587,15445.8125,27259
2025-04-04,15395.822677080785,15395.822677080785,14797.946064255646,15326.8369140625,7584
2025-04-07,15996.698635263392,16595.575040421067,14422.023613354651,15695.7607421875,13965
2025-04-08,15997.69822631458,16796.533354295665,15006.902717141544,15500.80078125,10018
2025-04-09,15499.801219660047,15584.783681355919,14398.028598614741,15397.822265625,21756
2025-04-10,15496.801978605445,16191.658583452592,14998.904727937994,15587.783203125,6936
2025-04-11,15495.80223964428,16197.657402701914,15293.843916371285,15592.7822265625,23699
2025-04-14,16295.63648902512,16295.63648902512,15547.790848569217,15797.7392578125,8156
2025-04-15,15508.798896727265,15973.702937919772,15508.798896727265,15797.7392578125,1971
2025-04-16,16295.63694382605,16296.636737490926,15811.736810025704,15837.7314453125,26430
2025-04-17,15746.749997633178,15959.706045220219,15675.7646484375,15675.7646484375,23339
2025-04-22,15149.8730289917,15996.6982421875,15145.873854431153,15996.6982421875,5249
2025-04-23,15996.698057565272,15997.69785119387,15662.766985613596,15891.7197265625,8418
2025-04-24,15602.77935217455,15895.718885058513,15602.77935217455,15607.7783203125,187729
2025-04-25,15807.737342753939,15807.737342753939,15208.860948578389,15722.7548828125,4172
2025-04-29,15499.801162698817,15815.73596031301,15321.837890625,15321.837890625,4480
2025-04-30,15321.837614570568,15731.75300915288,15258.850614915236,15296.8427734375,8246
2025-05-02,15894.718995127572,16075.681640625,14996.904322991168,16075.681640625,13011
2025-05-05,16096.677606201172,16096.677606201172,15403.820613586426,15996.6982421875,48645
2025-05-06,15601.779785311033,15931.711687211235,15599.78019802679,15769.7451171875,7643
2025-05-07,15611.777982303547,15894.719587746513,15297.8427734375,15297.8427734375,439
2025-05-08,15308.840665412008,16003.697265625,15308.840665412008,16003.697265625,1384
2025-05-09,15803.737865757723,15995.6982421875,15471.806381514567,15995.6982421875,4169
2025-05-12,15907.716374046493,16002.696768461328,15498.80078125,15498.80078125,2843
2025-05-13,15641.77126121521,15641.77126121521,15356.830078125,15356.830078125,4282
2025-05-14,15352.831594551282,15596.78125,14606.985516826922,15596.78125,3300
2025-05-15,15595.781248702242,15595.781248702242,15046.89453125,15046.89453125,2109
2025-05-16,15046.89453125,15115.88029355274,14996.904848421927,15046.89453125,7395
2025-05-19,15046.893931906297,15136.875357412713,14829.93871707416,15133.8759765625,53792
2025-05-20,15094.884477789257,15136.875810950414,14996.904700413223,15121.87890625,2005
2025-05-21,14896.925783308088,15180.8671875,14896.925783308088,15180.8671875,3449
2025-05-22,14899.924408403132,15181.8662109375,14899.924408403132,15181.8662109375,2035
2025-05-23,15196.863706683167,15296.843073174505,14896.925607209158,15146.8740234375,2065
2025-05-26,15574.78496805415,15574.78496805415,14798.945121141194,14816.94140625,4476
2025-05-27,14907.922664713542,14996.904296875,14821.94041341146,14996.904296875,1478
2025-05-28,14797.94590944159,14990.906085140681,14498.0078125,14498.0078125,6824
2025-05-29,14645.977082775551,14800.945097508995,14498.0076235462,14586.9892578125,11516
2025-05-30,14586.989319724977,14924.919572642526,14358.036574405098,14398.0283203125,1475
2025-06-02,14923.919791339988,14989.906172141786,13849.14161918949,14346.0390625,124199
2025-06-03,14496.00831615167,14895.92578125,14097.090644716087,14895.92578125,6026
2025-06-04,14746.956605653506,14895.92586221231,14676.971048880912,14796.9462890625,1788
2025-06-05,14202.069051793378,15345.8330078125,14202.069051793378,15345.8330078125,2387
2025-06-06,15515.797794649578,15515.797794649578,14897.925313362546,15439.8134765625,5061
2025-06-09,15164.869811320754,15896.71875,14831.938531839622,15896.71875,4928
2025-06-10,15158.871162405303,15880.72217013889,14846.935546875,14846.935546875,4023
2025-06-11,14868.930713541668,15312.839080729167,14736.957955729167,14996.904296875,271327
2025-06-12,15206.861387567935,15246.853133491848,14946.9150390625,14946.9150390625,2476
2025-06-13,14857.933317349138,14946.914951508621,14377.032575431034,14497.0078125,11627
2025-06-17,14786.947662798066,15145.873572936302,13297.255166681154,13658.1806640625,19159
2025-06-18,13697.173259997731,14497.008194888109,13197.276425691243,14319.044921875,17935
2025-06-19,14541.998760127415,14541.998760127415,14198.069741668574,14465.0146484375,2508
2025-06-20,14491.00930298682,14696.966796875,13998.1110287787,14696.966796875,14101
2025-06-23,14696.967045931207,15395.822825870386,14696.967045931207,14896.92578125,7544
2025-06-24,15295.843472927263,15691.761769239389,14696.967060071298,14986.9072265625,1790
2025-06-25,15195.86335827556,15396.82187758692,14627.98057733599,15096.8837890625,3904
2025-06-26,15396.822311046511,15396.822311046511,14748.956021594684,15046.89453125,2620
2025-06-27,15296.842753580355,15296.842753580355,14796.945931567925,14799.9453125,12298
2025-06-30,15539.792758091518,15539.792758091518,14898.925026126217,15396.822265625,11410
2025-07-01,15349.831444661459,15349.831444661459,14859.932570963541,14996.904296875,3865
2025-07-02,15183.866167823622,15319.838104270846,14397.028565000339,14719.9619140625,1503
2025-07-03,14397.028125,14996.904296875,14397.028125,14996.904296875,11898
2025-07-04,14995.90450325521,14996.904296875,14686.968274739584,14996.904296875,303
2025-07-07,14996.904296875,14996.904296875,14776.949700520834,14996.904296875,344
2025-07-08,14996.904273536189,15044.894367211506,14641.9775390625,14641.9775390625,1869
2025-07-09,14641.977561848958,14996.904296875,14591.987880859375,14996.904296875,2130
2025-07-10,14995.904649796426,14996.904443425989,14656.974609375,14656.974609375,6586
2025-07-11,14876.929922031353,14996.905163338059,14321.04463731029,14986.9072265625,2884
2025-07-14,14911.922258825358,14986.906782419854,13834.144706360474,14875.9296875,4036
2025-07-15,14503.006426886792,14829.938944575471,14117.08608490566,14307.046875,16467
2025-07-16,14543.998072913975,14992.905417021926,13804.150779729378,14511.0048828125,1580
2025-07-17,14148.079578097682,14298.048621749344,14148.079578097682,14297.048828125,3992
2025-07-18,13748.162705217634,14397.028794642856,13748.162705217634,13997.111328125,7423
2025-07-21,14296.049034500655,14297.048828125,13804.150571323207,14297.048828125,5487
2025-07-22,14297.049204960946,14297.049204960946,14036.103062129141,14048.1005859375,3509
2025-07-23,14297.049428013392,14297.049428013392,13810.1499125279,13997.111328125,3954
2025-07-24,13810.149421960157,14247.059238610893,13810.149421960157,14217.0654296875,5568
2025-07-25,14246.059822321831,14246.059822321831,13897.1318359375,13897.1318359375,12999
2025-07-28,13947.121220341434,14741.957160855516,13947.121220341434,14576.9912109375,1612
2025-07-29,14498.007312819966,14937.916506505971,14498.007312819966,14646.9765625,1992
2025-07-30,14983.907845529831,14986.9072265625,14500.00770559279,14986.9072265625,1939
2025-07-31,14597.987255859374,15892.720047883064,14597.987255859374,15496.8017578125,14744
2025-08-01,14921.920166955591,15597.780671669963,14921.920166955591,15580.7841796875,2194
2025-08-04,15829.732917639001,15829.732917639001,15309.840217760755,15396.822265625,1629
2025-08-05,15300.841601063044,15595.780719745324,15108.8812255139,15247.8525390625,2677
2025-08-06,15006.903085675334,15096.88451656879,14797.946207267198,14896.92578125,3556
2025-08-07,14496.007626884353,14896.924866582305,14197.0693359375,14197.0693359375,7815
2025-08-08,14394.029283596561,14394.029283596561,13719.16856494492,13897.1318359375,10639
2025-08-11,14025.105104904487,14025.105104904487,13621.1884765625,13621.1884765625,2590
2025-08-12,13499.21356271375,14689.9677734375,13499.21356271375,14689.9677734375,43767
2025-08-13,14470.013428755617,15436.81388378268,14470.013428755617,15296.8427734375,7378
2025-08-14,15761.746972175186,15761.746972175186,14848.93536509647,15221.8583984375,12503
2025-08-15,14973.909425998263,15496.801502502043,14973.909425998263,15296.8427734375,1622
2025-08-18,15547.7909784135,15547.7909784135,15149.873107575062,15296.8427734375,8265
2025-08-19,15624.775346522178,15624.775346522178,14852.934639616935,15496.8017578125,3777
2025-08-20,15174.86794870813,15424.816360038807,15174.86794870813,15296.8427734375,14637
2025-08-21,15198.863122209821,15495.80183733259,15197.86332855621,15396.822265625,1402
2025-08-22,15003.903235357946,15396.822137969772,15003.903235357946,15296.8427734375,10718
2025-08-25,15396.821896601383,15396.821896601383,15116.879680299538,15186.865234375,2340
2025-08-26,15001.903996592502,15396.822495669747,15001.903996592502,15151.873046875,45842
2025-08-27,15394.82278524733,15495.801944963527,15212.860339026067,15264.849609375,37193
2025-08-28,15496.801106770834,15496.801106770834,14996.904296875,14996.904296875,5561
2025-08-29,15675.764929195191,15675.764929195191,14996.905028249754,15151.873046875,6225
2025-09-01,14999.903788359843,15261.849718677131,14999.903788359843,15006.90234375,2429
2025-09-02,15496.801632428467,15396.82226705796,14846.935757520176,14989.90625,4143
2025-09-03,14996.904847079513,14996.904847079513,14498.0078125,14498.0078125,12920
2025-09-04,14213.06603378081,14639.977907474142,13498.2135989079,14197.0693359375,25148
2025-09-05,14147.07991197374,14497.007683648002,14247.059275309244,14397.0283203125,91596
2025-09-08,14596.987657912234,14596.987657912234,13797.152717752659,14097.0908203125,13256
2025-09-09,14481.011591589095,14481.011591589095,14097.0908203125,14097.0908203125,4367
2025-09-10,14098.08976803202,14396.028265363666,13211.27283134353,14197.0693359375,68994
2025-09-11,14270.054655711207,14517.003685344827,13903.130389008622,14497.0078125,150151
2025-09-12,15196.863362068965,15345.832614762932,13822.14710398707,14497.0078125,160649
2025-09-15,14312.04560168629,14517.003292803696,13997.110612896126,14197.0693359375,142773
2025-09-16,14394.029255827943,15841.73046875,13648.18318894959,15841.73046875,247866
2025-09-17,15100.883424408015,15649.770143158015,15092.885075136612,15368.828125,111508
2025-09-18,15366.827865729532,15470.806401711046,14113.086672260122,14197.0693359375,109647
2025-09-19,14495.00873540668,15030.89814651014,13836.144701979103,14702.9658203125,756218
2025-09-22,14706.96492434663,15228.857221458045,14497.00825309491,14537.0,26002
2025-09-23,14400.0,14479.0,14167.0,14200.0,32949
2025-09-25,13680.0,14191.0,13680.0,13957.0,21185
2025-09-26,14265.0,14300.0,13701.0,13975.0,13451
2025-09-29,13900.0,14199.0,13710.0,13710.0,5305
2025-09-30,14238.0,14238.0,13656.0,13900.0,6077
2025-10-01,14040.0,14199.0,13914.0,14098.0,1776
2025-10-02,14066.0,14100.0,13914.0,14001.0,3160
2025-10-03,14089.0,14098.0,13977.0,14020.0,28503
