Date,Open,High,Low,Close,Volume,ma_200,tr,atr_14,is_hammer,is_shooting_star,feature_basic,feature_advanced
2024-01-02,7942.038146084538,7991.988071531611,7819.16132948474,7964.01611328125,195212,,,,False,False,False,False
2024-01-03,7845.090721400429,7830.100102187562,7434.347754967872,7538.28271484375,250507,,172.826742046871,,False,False,False,False
2024-01-04,7640.2189425652705,7685.190800304373,7467.327133923833,7531.287109375,191098,,529.6683583133781,,False,False,False,False
2024-01-05,7538.28274125653,7556.271484375,7422.355285604169,7556.271484375,115565,,217.86366638054005,,True,False,False,False
2024-01-08,7512.2992821727485,7599.244877163972,7436.346808387312,7526.29052734375,181535,,133.91619877083122,,False,False,False,False
2024-01-09,7534.285592229036,7703.179910452503,7534.285592229036,7669.201171875,171813,,162.89806877665978,,False,False,False,False
2024-01-10,7702.180475497298,7702.180475497298,7519.294913408807,7608.2392578125,141572,,176.88938310875255,,False,False,False,False
2024-01-11,7681.193462471392,7775.134678379837,7567.264753816469,7696.18408203125,202512,,182.8855620884915,,False,False,False,False
2024-01-12,7716.171454251735,7725.165825847158,7581.25588032038,7688.18896484375,144689,,207.86992456336793,,False,False,False,False
2024-01-15,7649.213225027537,7694.1850822428805,7611.2369900456915,7655.20947265625,95290,,143.90994552677785,,False,False,False,False
2024-01-16,7599.24438156168,7681.193097933071,7519.294414370079,7615.234375,226250,,82.948092197189,,False,False,False,False
2024-01-17,7500.306508594804,7529.288372518755,7400.369046788078,7410.36279296875,143556,,161.89868356299212,,False,False,False,False
2024-01-18,7818.107506360163,7568.2638560226915,7400.368922995911,7491.31201171875,100834,,214.86532821192213,,False,False,False,False
2024-01-19,7510.299983038163,7569.263083370732,7343.4044278595375,7376.3837890625,176757,,167.89493302678056,,False,False,False,False
2024-01-22,7344.403945711097,7471.324520089286,7267.4521014030615,7345.4033203125,188240,,225.85865551119423,198.728110148982,False,False,False,False
2024-01-23,7322.418420188327,7589.25146484375,7330.413417780999,7589.25146484375,227554,,203.8724186862246,200.94565848036441,False,False,False,False
2024-01-24,7305.4282904766715,7695.184382581447,7525.29070140757,7569.26318359375,123955,,258.8380470627508,181.60063624817673,False,False,False,False
2024-01-25,7405.365746495443,7595.246919482506,7466.3275967702375,7512.298828125,230272,,169.89368117387676,178.17420873341507,False,False,False,False
2024-01-26,7455.3350956580025,7570.26318359375,7455.3350956580025,7570.26318359375,297379,,128.9193227122687,177.8172890149463,False,False,False,False
2024-01-29,7545.278524362527,7565.266017142295,7430.350440878859,7461.3310546875,117720,,114.9280879357475,174.390861812024,False,False,False,False
2024-01-30,7405.366091796614,7529.288547313858,7407.364841079149,7454.33544921875,254477,,139.91274271489056,171.74967321246245,False,False,False,False
2024-01-31,7495.309664187666,7498.307788053342,7405.365948217414,7485.31591796875,321677,,121.92370623470833,167.39525493719222,False,False,False,False
2024-02-01,7433.348308295687,7499.307032192906,7385.378327279528,7452.33642578125,92672,,92.94183983592757,159.18610602808934,False,False,False,False
2024-02-02,7574.260441486437,7719.169765145961,7440.344238932118,7497.30859375,525227,,113.92870491337817,157.04458884141792,False,False,False,False
2024-02-05,7440.343952955612,7578.257648792801,7433.348330703001,7559.26953125,118608,,278.82552621384275,171.03583412832177,False,False,False,False
2024-02-06,7571.2622489209825,7624.22910467505,7468.326661323456,7525.291015625,84878,,144.90931808979985,169.82230802309374,False,False,False,False
2024-02-07,7724.166466272304,7644.216496379461,7449.338444765656,7624.22900390625,141122,,155.90244335159332,165.61067339021312,False,False,False,False
2024-02-08,7566.2654538054,7690.187910055812,7561.268580569496,7579.25732421875,137675,,194.87805161380493,167.538039003572,False,False,False,False
2024-02-09,7675.197039473684,7675.197039473684,7565.2658318770555,7595.2470703125,144561,,128.9193294863153,160.61380143036635,False,False,False,False
2024-02-12,7565.265753008868,7578.25762286212,7315.422101984797,7395.3720703125,381853,,109.93120759662816,153.90371492396662,False,False,False,False
2024-02-13,7346.40338557424,7474.323346580022,7319.420268799583,7432.349609375,140216,,279.82496832770266,155.40278072860605,False,False,False,False
2024-02-14,7495.309947455846,7494.310572796185,7350.400621805033,7398.37060546875,82258,,154.90307778043916,154.3320233433605,False,False,False,False
2024-02-15,7471.32511282357,7486.31573303389,7291.437670299728,7335.41015625,235847,,143.90995099115207,155.40278250613787,False,False,False,False
2024-02-16,7335.410090598739,7356.396958705357,7055.585182510504,7135.53515625,498996,,194.87806273416209,161.11349499173892,False,False,False,False
2024-02-19,7128.538978361534,11541.709844398145,7004.616528716668,7017.6083984375,115645,,300.81177619485334,172.60628309745056,False,False,False,False
2024-02-20,7025.603674788501,7025.603674788501,6873.69873046875,6873.69873046875,167522,,4537.093315681477,487.9755409150769,False,False,False,False
2024-02-21,6898.6828682235355,6898.6828682235355,6639.844846657565,6793.74853515625,384550,,151.90494431975094,492.18719123535,False,False,False,False
2024-02-22,6800.744067720661,6944.6540083160735,6823.729683232429,6860.70654296875,139545,,258.83802156597085,502.5378567105352,False,False,False,False
2024-02-23,6811.737664473684,6913.673879523027,6835.72265625,6835.72265625,193872,,150.9054731598235,493.40071006381953,False,False,False,False
2024-02-26,6846.715647063078,6841.718773871527,6696.809451316551,6745.77880859375,149921,,77.9512232730267,488.6179890054786,False,False,False,False
2024-02-27,6787.752561465993,6795.74755859375,6631.850117474724,6795.74755859375,1714797,,144.90932255497682,487.83276609143456,False,False,False,False
2024-02-28,6757.771336755087,6778.758204260537,6612.862013503166,6617.85888671875,160207,,163.89744111902564,485.61986534180744,False,False,False,False
2024-02-29,6694.811179426116,6794.748650383364,6642.843694528346,6720.794921875,431684,,182.88554509058395,489.47459502782664,False,False,False,False
2024-03-01,6720.79431552397,6795.747411979628,6695.809950038751,6769.763671875,107832,,176.8897636646143,494.2573490326828,False,False,False,False
2024-03-04,6855.709733360988,6855.709733360988,6764.7666450613015,6775.759765625,191368,,99.93746194087726,481.40824143362386,False,False,False,False
2024-03-05,6775.7597142655895,6792.749082280709,6628.851649664256,6650.837890625,157970,,90.94308829968668,476.8396707564272,False,False,False,False
2024-03-06,6670.825742803934,6670.825742803934,6560.894532061098,6617.85888671875,312564,,163.89743261645344,478.2673480153773,False,False,False,False
2024-03-07,6925.666430403978,6752.774613310199,6454.960963056175,6472.94970703125,170532,,109.9312107428359,472.1997157302826,False,False,False,False
2024-03-08,6424.979422531128,6508.926890487671,6352.025075378418,6395.99755859375,218153,,297.81365025402374,471.9855638773662,False,False,False,False
2024-03-11,6523.9179435483875,6676.8222703503025,6147.153687310988,6196.123046875,244552,,156.90181510925322,159.11474240792163,False,False,False,False
2024-03-12,6126.16682507437,6368.015499082199,6217.109921498802,6278.07177734375,625796,,529.6685830393144,186.09785945931904,False,False,False,False
2024-03-13,6526.915646556229,6525.916271935718,6196.122647167144,6275.0732421875,382688,,171.8924522071993,179.8874616479782,False,False,False,False
2024-03-14,6397.9960423021375,6397.9960423021375,6171.138013310793,6184.1298828125,208206,,329.79362476857386,192.66518676288894,False,False,False,False
2024-03-15,6156.147845916146,6314.049040665294,6071.201000639706,6084.19287109375,286661,,226.85802899134433,203.3013871713402,False,False,False,False
2024-03-18,6086.191776879032,6143.156133411398,5924.293079365993,5964.26806640625,388131,,242.8480400255885,210.29700984781246,False,False,False,False
2024-03-19,6015.235445327234,6119.170399026192,5893.311749641916,6094.18603515625,358307,,218.86305404540417,214.2231250568395,False,False,False,False
2024-03-20,6049.214349290007,6181.131794210918,6045.216850959069,6081.1943359375,176122,,225.85864938427585,217.2926325063889,False,False,False,False
2024-03-22,5879.3207704437755,6146.153788582224,6049.214452404585,6096.18505859375,228695,,135.91494325184885,214.36585961976283,False,False,False,False
2024-03-25,6057.209746308379,6062.206619552323,5956.2729067807195,6002.244140625,1914757,,96.93933617763832,214.15170777953148,False,False,False,False
2024-03-26,5997.247541201575,6139.158747808911,5931.288811369996,6004.2431640625,356212,,139.9121518130305,217.6494980304846,False,False,False,False
2024-03-27,6219.108605553379,6218.109230877892,5977.25993408561,6135.1611328125,513999,,207.86993643891492,220.79039116066042,False,False,False,False
2024-03-28,6086.191098973697,6218.108541513029,6083.192975279621,6098.18359375,398349,,240.84929679228117,230.14168302133507,False,False,False,False
2024-04-02,6196.122937039985,6196.122937039985,5979.258634243586,6042.21923828125,304385,,134.91556623340784,218.5061055912911,False,False,False,False
2024-04-03,6042.2192210990415,6089.1898303269045,5970.264245260614,6049.21484375,403948,,216.864302796399,222.78914042608722,False,False,False,False
2024-04-04,6110.176579873565,6308.052759594691,6023.230985753677,6269.0771484375,350864,,118.9255850662903,193.4503548565855,False,False,False,False
2024-04-05,6285.06762492722,6435.973207907664,6162.144534155071,6383.00634765625,529748,,284.8217738410149,201.51673497328662,False,False,False,False
2024-04-08,6422.980922765899,6531.912760416667,6345.029699492873,6493.9365234375,385472,,273.8286737525932,197.51923847214513,False,False,False,False
2024-04-09,6565.891605111056,6970.638347891874,6551.900359681596,6875.69775390625,714467,,186.8830609237939,194.66388361017724,False,False,False,False
2024-04-10,6875.697200520834,7220.481435139975,6886.690321044922,7195.4970703125,2111576,,476.7018244543742,211.3677253550905,False,False,False,False
2024-04-11,7295.435216367079,7392.374561022915,7027.602800204561,7175.51025390625,1590146,,344.78368123372456,220.36205586854197,False,False,False,False
2024-04-12,7156.521912754822,7333.41122689497,7155.522538098663,7209.48876953125,638479,,364.77176081835387,230.2844209709761,False,False,False,False
2024-04-15,7595.247256686886,8018.982103638892,7656.20910966819,7949.02587890625,2746949,,177.88868879630718,233.28254565272314,False,False,False,False
2024-04-16,7994.997618378311,8008.988864210473,7846.090787736015,7998.9951171875,1638765,,809.4933341076421,284.17925979058055,False,False,False,False
2024-04-17,7945.02844212753,8244.840836170079,7945.02844212753,8123.91650390625,963447,,162.89807647445832,285.8211115521111,False,False,False,False
2024-04-18,8172.886612539917,8214.8603515625,7997.996033279159,8214.8603515625,691238,,299.8123940425485,292.38842995237064,False,False,False,False
2024-04-19,8195.871242069672,8489.687379756355,8144.903136552595,8481.6923828125,724246,,216.86431828334116,290.6752172017321,False,False,False,False
2024-04-22,8374.758984743776,8614.608884068179,8374.758984743776,8468.7001953125,586718,,344.7842432037596,305.6658369853286,False,False,False,False
2024-04-23,8455.708728786249,8634.596787225291,8455.708728786249,8503.6787109375,495515,,239.84989932440294,307.30766530875746,False,False,False,False
2024-04-24,8644.591269563112,8619.606901732004,8477.695692451316,8576.6337890625,151281,,178.88805843904265,311.5906991210969,False,False,False,False
2024-04-25,8594.622317476276,8721.542902862262,8540.65608432003,8635.5966796875,586751,,141.91120928068813,301.38280165250217,False,False,False,False
2024-04-26,8760.517058208945,8744.527065859944,8621.603999676998,8653.583984375,231207,,180.8868185422325,294.744097708905,False,False,False,False
2024-04-29,8654.58379661307,8870.448704242217,8656.582545757783,8763.515625,282474,,122.92306618294606,290.17552665598726,False,False,False,False
2024-04-30,8743.529102920409,8794.497211761298,8554.647287804171,8624.603515625,1299923,,216.864719867217,271.6157334711903,False,False,False,False
2024-05-02,8554.64658127106,8764.515247400372,8571.635949481526,8601.6171875,232908,,239.84992395712652,264.12046509429047,False,False,False,False
2024-05-03,8594.62216249572,8807.488967217998,8597.620286505893,8755.521484375,282361,,192.87929791884562,251.84243203003987,False,False,False,False
2024-05-06,8754.521440843238,8794.496424591382,8702.553961970654,8743.5283203125,292328,,209.86868071210483,254.12671716688257,False,False,False,False
2024-05-07,8622.604240880972,8796.49542515465,8622.604240880972,8784.5029296875,333267,,91.94246262072738,202.8730834892458,False,False,False,False
2024-05-08,8882.441717470887,8889.437339885637,8608.613068664967,8667.576171875,231629,,173.89118427367794,203.65830547490435,False,False,False,False
2024-05-09,8791.498200618886,8794.49632436583,8681.566996564314,8785.501953125,187318,,280.8242712206702,202.3020109876273,False,False,False,False
2024-05-10,8742.529417981961,8894.434364430665,8713.547553198985,8864.453125,391881,,126.92015249082942,195.87742771673362,False,False,False,False
2024-05-13,8904.428188349357,8967.388791701322,8748.525741954016,8861.455078125,430941,,180.88681123167953,184.1704682901565,False,False,False,False
2024-05-14,8916.419559038899,8944.402045886365,8827.475225845168,8892.4345703125,634168,,218.86304974730592,182.67140760607813,False,False,False,False
2024-05-15,8917.420204150663,9050.337035614526,8917.420204150663,8944.4033203125,1029689,,116.92682004119706,178.24560486337487,False,False,False,False
2024-05-16,9014.358806010205,9084.315027342878,8801.492018240784,8960.392578125,1573804,,157.90246530202603,179.38783743632757,False,False,False,False
2024-05-17,8960.392614485783,8979.380731781705,8726.538959367595,8857.45703125,603993,,282.82300910209415,186.6689939048891,False,False,False,False
2024-05-20,8990.373910151815,9023.353271983186,8692.56027906853,8804.490234375,211232,,252.84177241410907,195.94890149282932,False,False,False,False
2024-05-21,8793.49804128713,8916.421130169767,8693.560570650841,8907.4267578125,208465,,330.79299291465577,204.0866352819321,False,False,False,False
2024-05-22,8865.45173147823,8936.407325316011,8844.464865695225,8894.43359375,143110,,222.86055951892558,202.87310925063204,False,False,False,False
2024-05-23,8970.3864383465,9060.330152634735,8788.50026056363,8854.458984375,239031,,91.9424596207864,195.66333508648495,False,False,False,False
2024-05-24,8816.48192660049,9043.33994035455,8722.540722667092,9001.3662109375,156567,,271.82989207110586,200.08913589784217,False,False,False,False
2024-05-27,9126.289353193564,9126.289353193564,8704.553248611033,8836.470703125,230880,,320.7992176874577,216.4360469740372,False,False,False,False
2024-05-28,8858.457377186141,9212.236022439289,8775.509276745432,8971.38671875,523874,,421.73610458253097,234.1392555675267,False,False,False,False
2024-05-30,8955.395935964889,9093.309633003517,8869.4497189698,8951.3984375,403658,,436.7267456938571,245.27514660132576,False,False,False,False
2024-05-31,9032.348196029028,9062.329435891927,8925.415107184694,9011.361328125,726455,,223.85991403371736,252.19941528296062,False,False,False,False
2024-06-03,8746.526855045995,9270.199166751217,8746.526855045995,9234.2216796875,440478,,136.91432870723293,249.05852367407155,False,False,False,False
2024-06-04,8955.395528416895,9277.194140195743,9059.33048377404,9094.30859375,552322,,523.6723117052225,270.83061381392275,False,False,False,False
2024-06-05,9144.277781398225,9327.16333702619,8824.477902704517,9165.2646484375,386729,,217.86365642170313,278.04038784110173,False,False,False,False
2024-06-06,9159.26881208354,9159.26881208354,8910.424520298619,9111.298828125,357177,,502.6854343216728,302.6677427710765,False,False,False,False
2024-06-07,8994.372058533903,9233.222605421635,8994.372058533903,9197.2451171875,93993,,254.84012813888148,300.6689655594185,False,False,False,False
2024-06-10,9100.305054692737,9232.222501125796,8941.404494216551,8946.4013671875,302141,,238.85054688773198,299.6695923075344,False,False,False,False
2024-06-11,8988.375147243703,8988.375147243703,8784.502728960657,8868.4501953125,254143,,290.818006909245,296.8142361642908,False,False,False,False
2024-06-12,9004.365767346399,8984.37827396716,8780.505841498942,8844.4658203125,449453,,203.8724182830465,295.457940361728,False,False,False,False
2024-06-13,9011.36162603124,8888.43853852965,8747.526706515631,8835.4716796875,560249,,203.8724324682189,303.45293842225885,False,False,False,False
2024-06-14,9011.360016741071,8993.371275441155,8798.49324469207,8884.439453125,565678,,140.91183201401873,294.10164841818124,False,False,False,False
2024-06-18,8894.43445882585,9209.237476188788,8826.476982061788,9025.3525390625,802139,,194.87803074908516,285.1072779225832,False,False,False,False
2024-06-19,8984.467919416225,8984.467919416225,8831.528044953533,8880.5087890625,452521,,382.76049412700013,282.3233057471881,False,False,False,False
2024-06-20,8876.510917800266,9118.415832452029,8946.483413773916,9038.447265625,780902,,193.82449410896697,264.973144919696,False,False,False,False
2024-06-21,9053.440321433402,9095.423814146243,8930.488664202938,9008.4580078125,1155141,,237.90704338952855,265.9765113022539,False,False,False,False
2024-06-24,8952.481209093197,9060.438776152383,8664.594363602037,8934.48828125,394611,,164.93514994330508,267.97799853340194,False,False,False,False
2024-06-25,8916.494751045551,8967.474709823951,8819.532868663106,8843.5234375,510700,,395.84441255034653,258.84743430805366,False,False,False,False
2024-06-26,8896.502901177155,8977.471073648543,8799.541015625,8799.541015625,388590,,147.9418411608458,253.8530189322781,False,False,False,False
2024-06-27,8718.572826159094,8757.557501717476,8590.623121762355,8707.5771484375,321581,,177.9300580235431,230.65620633955456,False,False,False,False
2024-06-28,8657.596610698836,8713.574605179743,8324.7274649463,8376.70703125,838886,,208.91789386264463,227.3760467483948,False,False,False,False
2024-07-01,8389.70219898897,8596.62086397059,8342.720666360294,8496.66015625,842862,,388.8471402334435,238.09008913023132,False,False,False,False
2024-07-02,8506.655721309267,8726.569265220905,8493.660830078126,8696.5810546875,307540,,253.90019761029544,235.45310275173492,False,False,False,False
2024-07-03,8496.659830479124,9109.4189453125,8692.582810099584,9109.4189453125,530255,,232.90843514277913,237.52710395600155,False,False,False,False
2024-07-04,9062.437445287052,9255.361604446593,9062.437445287052,9206.380859375,522860,,416.8361352129159,252.7387970091942,False,False,False,False
2024-07-05,9154.401313131837,9240.367518955089,9043.444931197175,9047.443359375,269636,,192.92415915954007,256.4539632338743,False,False,False,False
2024-07-08,9124.413101798144,9124.413101798144,8908.49798019556,9047.443359375,127320,,196.9225877579138,256.60000302021916,False,False,False,False
2024-07-09,9246.36537413272,9100.422742281544,8867.514295560146,8968.474609375,551172,,215.9151216025839,244.68247641133232,False,False,False,False
2024-07-10,8962.476087222245,9200.382545928345,8818.532683635362,9008.4580078125,200481,,232.90844672139792,247.47418731222024,False,False,False,False
2024-07-11,9145.405484013205,9176.893108097413,8979.470703125,8979.470703125,346369,,381.84986229298374,257.7558172338956,False,False,False,False
2024-07-12,9174.393939048834,9092.426157069971,8820.533026603498,8914.49609375,164140,,197.42240497241255,260.07633545026044,False,False,False,False
2024-07-15,8875.510538881015,9036.447265625,8823.530974963704,9036.447265625,188677,,271.89313046647294,251.22267244426945,False,False,False,False
2024-07-16,9050.442371595227,9050.442371595227,8876.5107421875,8876.5107421875,147352,,212.91629066129644,255.8637045514445,False,False,False,False
2024-07-17,9095.42442970908,8891.50459416005,8684.5859375,8684.5859375,196832,,173.9316294077271,255.57810250745766,False,False,False,False
2024-07-18,8683.586573216822,8765.554352542687,8599.61957976106,8620.611328125,303067,,206.91865666004924,255.4352998501294,False,False,False,False
2024-07-19,8587.624120876711,8667.592684451398,8545.640625,8545.640625,282387,,165.93477278162754,239.5129878892854,False,False,False,False
2024-07-22,8696.581287730824,8831.528238747336,8476.667737926136,8796.5419921875,345040,,121.95205945139787,230.08812087793558,False,False,False,False
2024-07-23,8900.500702781535,8911.49637975038,8658.595809466942,8867.513671875,194501,,354.8605008211998,238.79898271210848,False,False,False,False
2024-07-24,8984.468088684907,8940.48537886046,8697.580867784533,8868.513671875,142557,,252.90057028343836,227.0892995028601,False,False,False,False
2024-07-25,8877.510043767374,9116.416124215568,8682.586672690397,9079.4306640625,351974,,242.90451107592708,230.65932463974488,False,False,False,False
2024-07-26,8897.50228673266,9375.314453125,8897.50228673266,9375.314453125,491693,,433.82945152517095,247.58124348026325,False,False,False,False
2024-07-29,9376.314268313172,9476.274974798387,9222.374780325941,9296.345703125,1015429,,477.81216639233935,266.2881752509601,False,False,False,False
2024-07-30,9485.27160537068,9485.27160537068,9112.418163616727,9197.384765625,206150,,253.90019447244595,267.78758580460635,False,False,False,False
2024-07-31,9375.314649593196,9388.309541420118,9096.424278846154,9291.34765625,429334,,372.85344175395403,267.1449843375328,False,False,False,False
2024-08-01,9104.42091796875,9367.317569420857,9112.417774286685,9196.384765625,428083,,291.8852625739637,273.8923313090722,False,False,False,False
2024-08-02,8987.46724024017,9165.397300162622,8975.471955301578,9095.4248046875,1049992,,254.89979513417165,272.6785216424792,False,False,False,False
2024-08-05,9046.44394333298,8941.485201449008,8749.560644861169,8876.5107421875,918114,,220.91281032342158,273.2497016183453,False,False,False,False
2024-08-06,9096.424465575568,9496.267299227242,8556.636640145809,9289.3486328125,1777448,,345.86415982633116,285.5305966482456,False,False,False,False
2024-08-07,9476.27452789741,9818.14012795447,9362.319327878391,9690.1904296875,1043852,,939.6306590814329,337.867168249773,False,False,False,False
2024-08-08,9672.1978697209,9701.186474332506,9343.3271484375,9343.3271484375,542358,,528.7914951419698,363.785505561226,False,False,False,False
2024-08-12,9596.22730711044,9616.219447333586,9250.36328125,9250.36328125,414135,,357.8593258950059,380.6360245929123,False,False,False,False
2024-08-13,9446.286649853771,9386.310226680096,9052.441471013308,9164.3974609375,550340,,365.8561660835858,381.4214292545113,False,False,False,False
2024-08-14,9201.382608015134,9296.345274800733,9053.440769233359,9280.3515625,998147,,333.8687556667883,387.2048710676077,False,False,False,False
2024-08-15,9301.343166434122,9396.305831755051,9116.415870809155,9302.3427734375,1274832,,242.90450556737414,387.20487067413967,False,False,False,False
2024-08-16,9344.326316394418,9346.325530411617,9114.416704416377,9240.3671875,381120,,279.88996094589675,376.20919277562007,False,False,False,False
2024-08-19,9240.367138401418,9496.266531243344,9242.366352407995,9384.310546875,510048,,231.90882599524048,358.6446684615416,False,False,False,False
2024-08-20,9315.338420967151,9484.27201825693,9315.338420967151,9376.314453125,205814,,255.8993437433437,358.7874648380343,False,False,False,False
2024-08-21,9382.312149326237,9485.271679624617,9314.3388671875,9314.3388671875,177021,,168.93359728977885,344.2217616620218,False,False,False,False
2024-08-22,9393.307588415659,9432.292263944893,9276.353561827957,9296.345703125,96530,,170.9328124371168,335.5823009379613,False,False,False,False
2024-08-23,9351.323903127804,9534.251992307109,9349.324689038413,9467.2783203125,221341,,155.93870211693684,328.5136514367302,False,False,False,False
2024-08-26,9467.278406528543,9510.261509841894,9366.318094094864,9420.296875,113093,,237.9062891821086,329.72747135520785,False,False,False,False
2024-08-27,9377.314105925865,9452.28463763298,9306.342002576463,9396.306640625,207092,,143.94341574702958,315.30456106382917,False,False,False,False
2024-08-28,9396.306742985706,9496.26745301747,9325.334638863154,9441.2890625,181518,,145.94263505651725,258.61255934776375,False,False,False,False
2024-08-29,9465.279337694938,9527.254975981672,9393.307628716795,9398.3056640625,212703,,170.93281415431557,233.05122499150275,False,False,False,False
2024-08-30,9430.292289573908,9512.260062283794,9346.32530289549,9391.3076171875,326594,,133.94734726487695,217.0575122322078,False,False,False,False
2024-09-02,9346.326598534593,9372.31638372838,9245.366279127962,9362.3203125,204538,,165.93475938830488,202.77741175397347,False,False,False,False
2024-09-03,9301.343767672945,9361.320191752513,9171.394848833881,9224.3740234375,176336,,145.94133805953788,189.354024782027,False,False,False,False
2024-09-04,9175.393582431345,9437.29064296049,9174.39397533009,9359.3212890625,675248,,190.92546366611896,185.6412360747945,False,False,False,False
2024-09-05,9334.330552758962,9426.294400569393,9260.359631694047,9370.31640625,183400,,262.89666763040077,184.42742940940192,False,False,False,False
2024-09-06,9396.305964745661,9376.31382439514,9253.362161239425,9275.353515625,180192,,165.93476887534598,179.7149967579809,False,False,False,False
2024-09-09,9291.348372170347,9565.240728703395,9233.371158013717,9524.2568359375,223035,,122.95166315571441,170.2187338588645,False,False,False,False
2024-09-10,9421.296936694722,9620.21875,9357.32208216438,9620.21875,191554,,331.86957068967786,181.85701767314302,False,False,False,False
2024-09-11,9620.218290883911,9697.188034067418,9175.393151706507,9338.3291015625,211642,,262.89666783561916,188.42586448732177,False,False,False,False
2024-09-12,9389.309294815088,9481.273146100406,9216.377270115523,9269.3564453125,219020,,521.7948823609113,214.5584487904628,False,False,False,False
2024-09-13,9403.30366076791,9347.325665126047,7047.229808484508,8113.810546875,1593231,,264.8958759848829,216.48627641923238,False,False,False,False
2024-09-16,8184.782882780012,8289.741627612926,7946.876394492073,8172.78759765625,928114,,2300.0958566415393,370.4971650545545,False,False,False,False
2024-09-17,8296.738043064024,8287.741580125763,8096.816644435976,8278.7451171875,234208,,342.8652331208532,384.5630649162928,False,False,False,False
2024-09-18,8314.731278136254,8326.7265625,8205.774111832232,8326.7265625,133770,,190.92493568978716,385.99107359739793,False,False,False,False
2024-09-19,8340.720619208088,8386.702540167289,8244.75834938019,8305.734375,343211,,120.95245066776806,385.0628666976044,False,False,False,False
2024-09-20,8354.71634774064,8424.688846465435,8234.763492783846,8328.7265625,313110,,141.9441907870987,383.34925465466114,False,False,False,False
2024-09-23,8326.72653902494,8466.671522874098,8220.768194110577,8316.73046875,165069,,189.9253536815886,386.49097005623616,False,False,False,False
2024-09-25,8480.667064249363,8439.683171081728,8249.7578125,8249.7578125,484823,,245.90332876352113,390.4179604203363,False,False,False,False
2024-09-26,8207.773906199467,8617.612817603898,8164.79080085705,8499.6591796875,454525,,189.92535858172778,385.20572405971683,False,False,False,False
2024-09-27,8506.656099899146,8647.60069567891,8433.684784353596,8610.615234375,412903,,452.822016746848,405.69767033625266,False,False,False,False
2024-09-30,8496.659745683182,8663.594119510135,8452.67703641141,8654.59765625,564350,,213.91591132531357,412.1951166340812,False,False,False,False
2024-10-01,8497.659990461483,8732.567659883722,8516.652525436048,8596.62109375,538401,,210.9170830987241,403.55565323472734,False,False,False,False
2024-10-02,8532.645929932074,8801.540231144787,8396.69936872416,8461.673828125,542475,,215.91513444767406,400.1998294213027,False,False,False,False
2024-10-03,8399.697904424727,8584.62520566459,8392.700655188624,8505.65625,341480,,404.8408624206277,391.8459708541396,False,False,False,False
2024-10-04,8505.657293122915,8604.618401598547,8437.684006493186,8535.6455078125,196083,,191.9245504759656,386.63373331778837,False,False,False,False
2024-10-07,8816.53422982885,8856.518512050297,8516.652113168006,8585.625,283723,,166.93439510536155,234.26505749377566,False,False,False,False
2024-10-08,8452.676698505227,8587.623642012584,8443.680235604737,8509.654296875,309454,,339.86639888229183,234.05085504816412,False,False,False,False
2024-10-09,8521.6499693398,8521.6499693398,8258.753319259287,8341.720703125,400836,,143.94340640784685,230.69503152802554,False,False,False,False
2024-10-10,8351.716333905219,8484.6640625,8281.743845171124,8484.6640625,1094048,,262.8966500805127,240.83390291465017,False,False,False,False
2024-10-11,8535.645203479184,8560.635381496162,8400.6982421875,8400.6982421875,225410,,202.92021732887588,245.18933338191997,False,False,False,False
2024-10-14,8476.66837290832,8497.6601224167,8372.709232485859,8482.666015625,176034,,159.93713930866215,243.04731806956806,False,False,False,False
2024-10-15,8347.718701746324,8498.659370404412,8347.718701746324,8496.66015625,276977,,124.9508899308421,234.40785815294814,False,False,False,False
2024-10-16,8563.633327465179,8611.614464353044,8450.677734375,8450.677734375,818908,,150.94066865808782,231.6232374441167,False,False,False,False
2024-10-17,8373.707816909016,8584.624893352588,8457.6748046875,8457.6748046875,125316,8204.27871826172,160.93672997804424,210.77428838920216,False,False,False,False
2024-10-18,8545.640850264066,8616.612952307434,8460.674249226233,8558.6357421875,119599,8207.25181640625,133.9471589775876,205.06223465007886,False,False,False,False
2024-10-21,8494.66119887306,8546.640768459009,8368.710703337874,8437.68359375,182819,8211.748820800782,158.93814761993417,201.34945354445102,False,False,False,False
2024-10-22,8396.69939793578,8512.653818192988,8328.726117095346,8389.7021484375,171355,8216.040895996093,189.9250388496257,199.49301814459042,False,False,False,False
2024-10-23,8419.689944935993,8483.664794333585,8296.73828125,8296.73828125,181006,8219.74322998047,183.92770109764206,183.71350662152003,False,False,False,False
2024-10-24,8342.72097305205,8503.657718398488,8284.743760442774,8375.7080078125,921137,8223.990317382813,186.92651308358472,183.35650395063567,False,False,False,False
2024-10-25,8329.725438475058,8460.673960308759,8312.732118847784,8433.6845703125,99742,8227.812734375,218.91395795571407,187.069329868518,False,False,False,False
2024-10-28,8555.636857433432,8656.59717085799,8434.684402736686,8446.6796875,504656,8232.004936523437,147.9418414609754,173.36043290985253,False,False,False,False
2024-10-29,8563.633488788524,8527.647635444719,8303.735659083259,8351.716796875,361633,8235.282600097657,222.9126005454891,179.00108963396983,False,False,False,False
2024-10-30,8540.643516277381,8423.689479362067,8205.775119981394,8259.75390625,256895,8238.140424804687,223.9119763614599,176.21647008260894,False,False,False,False
2024-10-31,8363.713050174725,8288.74251369055,8178.78572684709,8259.75390625,491077,8241.163146972656,217.91435938067298,177.28748022916585,False,False,False,False
2024-11-01,8231.764460375307,8359.714169049023,8231.764460375307,8320.7294921875,118537,8244.690622558594,109.95678684345967,173.71745505307996,False,False,False,False
2024-11-04,8292.739958433194,8384.703805609646,8246.758034844966,8341.720703125,85477,8249.347412109375,127.94970867371558,173.93165639185665,False,False,False,False
2024-11-05,8373.708072181696,8373.708072181696,8196.777628254735,8234.7626953125,147763,8253.064665527343,137.94577076467976,173.00344939947036,False,False,True,False
2024-11-06,8233.763059661545,8495.660100044126,8198.77681380891,8388.7021484375,1182864,8258.126257324218,176.93044392696174,174.14585753867874,False,False,False,False
2024-11-07,8445.680229512258,8554.637401368907,8240.760777855256,8511.654296875,277011,8263.957512207031,296.88328623521556,185.78415234279504,False,False,False,False
2024-11-08,8261.75206791209,8591.622386413117,8261.75206791209,8393.7001953125,47805,8267.979755859375,313.8766235136518,196.85118633520344,False,False,False,False
2024-11-11,8307.734789698126,8378.7068953495,8231.7646484375,8231.7646484375,63796,8271.292263183594,329.8703185010272,206.84727773887496,False,False,True,False
2024-11-12,8188.781122080424,8351.717074582757,8156.793695822297,8302.736328125,228060,8275.244450683595,161.935546875,205.27640958011483,False,False,False,False
2024-11-13,8440.682297781943,8440.682297781943,8221.768344298493,8300.7373046875,136411,8278.896821289063,194.92337876045985,205.8476142713202,False,False,False,False
2024-11-14,8213.771218715996,8349.71777898682,8213.771218715996,8267.75,109502,8282.928916015626,218.9139534834503,205.84761395187277,False,False,True,False
2024-11-15,8996.463732577527,9171.39497182209,8483.665299820608,8767.5537109375,1972658,8289.495007324218,135.9465602708242,204.99080815257625,False,False,False,False
2024-11-18,8767.553503376588,8863.515780918962,8671.591225834216,8846.5224609375,489877,8296.301040039063,903.6449718220902,253.61454895804778,False,False,False,False
2024-11-19,8861.516909179687,9070.434792317708,8841.524767252604,8996.4638671875,554342,8304.021677246094,191.92455508474632,251.32973315256822,False,False,False,False
2024-11-20,9079.430982177708,9152.402298009367,8847.522142822292,8963.4765625,732894,8311.352517089843,228.9100250651045,252.11513784431332,False,False,False,False
2024-11-21,9014.455935992906,9014.455935992906,8852.519601813392,8964.4755859375,177481,8318.378547363282,304.8801551870747,266.038235583143,False,False,False,False
2024-11-22,8971.473169753292,9016.45548648186,8904.499498179646,8940.4853515625,116951,8325.454519042969,161.93633417951423,268.46585169070005,False,False,False,False
2024-11-25,9020.453934262949,9028.450790587649,8759.556496669571,8781.5478515625,198902,8331.24111328125,111.95598830221388,266.6094386576668,False,False,False,False
2024-11-26,8747.561115752804,8954.479770873457,8746.561508723236,8823.53125,962888,8337.462482910156,268.8942939180779,273.1782850856036,False,False,False,False
2024-11-27,8881.508460749892,8881.508460749892,8674.589805558533,8741.5634765625,337271,8343.194064941406,207.91826215022047,266.82364050810395,False,False,False,False
2024-11-28,8694.582348401254,8849.52144520537,8591.62281955723,8747.5615234375,119414,8349.95501220703,206.918655191359,259.1837856279402,False,False,False,False
2024-11-29,8734.566964579315,8765.554785121996,8531.646720380459,8549.6396484375,191692,8355.541462402343,257.8986256481403,254.04295042416257,False,False,False,False
2024-12-02,8433.68430462759,8733.56640625,8397.6984524329,8733.56640625,194126,8362.21744140625,233.9080647415376,259.1838445574867,False,False,False,False
2024-12-03,8577.627642379824,9046.443324034193,8500.657903600748,8949.4814453125,480877,8370.287797851563,335.8679538171,269.25131420438953,False,False,False,False
2024-12-04,9043.444934373305,9221.374988349038,9008.458687805043,9216.376953125,311696,8380.692006835938,545.7854204334453,292.5992761293892,False,False,False,False
2024-12-05,9272.35529259587,9396.306570763387,9058.439377048702,9110.4189453125,248388,8391.156059570312,271.8935430365382,302.30977489836874,False,False,False,False
2024-12-06,9475.27494318717,9305.34174977628,9008.458464817257,9285.349609375,148263,8403.214313964843,337.8671937146846,261.8970764621255,False,False,False,False
2024-12-09,9195.386077492412,9390.309469721027,9186.389613235708,9345.3271484375,250655,8415.97220703125,296.8832849590235,269.3941285960024,False,False,False,False
2024-12-10,9409.30121930653,9362.319687668645,9196.384916351863,9261.359375,165136,8427.975471191407,203.91985648531954,267.6091165545892,False,False,False,False
2024-12-11,9476.275244596962,11295.56015442465,9067.435943432389,10695.7958984375,5789573,8447.275837402343,165.93477131678264,257.6844462781398,False,False,False,False
2024-12-12,10995.677127166546,11139.620536831271,10806.751401981594,10986.6806640625,818773,8468.480346679688,2228.1242109922605,405.26929462190736,False,False,False,False
2024-12-13,11045.658076114143,11119.628998976808,10951.695011937243,10990.6796875,140978,8489.455007324219,443.82463839377124,428.9741981998758,False,False,False,False
2024-12-17,10990.679904824367,11095.638648799497,10795.756523156268,10829.7431640625,1916694,8510.514428710938,167.93398703956518,421.76274770855343,False,False,False,False
2024-12-18,11095.637819300382,11092.63899826814,10813.748642269507,10817.7470703125,117615,8530.999189453125,299.8821256432293,428.3315951009112,False,False,False,False
2024-12-19,10795.756803600992,10889.71987207678,10745.776448028766,10867.728515625,1784035,8551.489013671875,278.890355998632,433.47243087285926,False,False,False,False
2024-12-20,10893.717899954636,10978.684501303154,10761.769766095762,10948.6962890625,877778,8572.353696289063,143.94342404801318,425.33277361570737,False,False,False,False
2024-12-23,10947.696351537403,11058.65273347866,10817.747435750343,10890.71875,400520,8593.553100585938,216.91473520739237,424.1189643632684,False,False,False,False
2024-12-24,10995.677618436073,10995.677618436073,10827.743632990867,10945.697265625,55313,8615.19229248047,240.90529772831724,417.33591749978393,False,False,False,False
2024-12-27,10925.704980753566,11172.60792039182,10894.7171624184,10967.6884765625,298574,8637.665986328126,167.93398544520642,390.3465292863383,False,False,False,False
2024-12-30,11173.607650751257,11172.608043697155,10845.736537005827,10935.701171875,158820,8660.36450439453,277.8907579734205,390.7749017818299,False,False,False,False
2024-12-31,11023.791696240383,11027.79125785353,10698.827315172071,10851.810546875,259011,8683.642941894532,326.87150669132825,389.98949556587587,False,False,False,False
2025-01-02,10798.816306497502,10997.794495848706,10764.82003294001,10806.8154296875,178503,8706.28666015625,328.96394268145923,392.2809711174784,False,False,False,False
2025-01-03,10848.810846176162,10919.803064616577,10789.817312542576,10824.8134765625,399398,8729.035361328126,232.9744629086963,394.3563001477196,False,False,False,False
2025-01-06,10996.79417993295,10996.79417993295,10798.815888641195,10820.8134765625,128583,8752.218779296874,129.98575207400063,391.78851305894943,False,False,False,False
2025-01-07,10801.816196754307,10958.798992541628,10788.81762130695,10808.8154296875,298078,8775.841892089844,197.97829129175443,246.77809022319903,False,False,False,False
2025-01-08,10948.800088351354,10937.80129374205,10759.820799155152,10808.8154296875,327120,8800.06462890625,169.9813712346786,227.2178568546924,False,False,False,False
2025-01-09,10808.815030845704,10905.804397912498,10734.823142567944,10742.822265625,467738,8823.307810058594,177.9804945868982,227.93546453664476,False,False,False,False
2025-01-10,10823.81372049679,10848.810980821263,10642.833555747606,10647.8330078125,202279,8846.141003417968,170.98125534455357,218.72825951531078,False,False,False,False
2025-01-13,10947.800020734598,10788.817446682464,10530.845722748814,10548.84375,330506,8868.404296875,205.9774250736573,213.52019302066972,False,False,False,False
2025-01-14,10847.810734397259,10847.810734397259,10491.84975905894,10528.845703125,132445,8891.0373046875,257.9717239336496,221.66507158392946,False,False,False,False
2025-01-15,10729.823379406394,10729.823379406394,10419.857369937008,10659.8310546875,254187,8914.315244140626,355.96097533831926,231.59694587899568,False,False,False,False
2025-01-16,10573.84051185154,10698.826806317871,10573.84051185154,10588.8388671875,73467,8936.5836328125,309.96600946938634,236.52985386050062,False,False,False,False
2025-01-17,10579.839973651238,10736.822761276533,10579.839973651238,10598.837890625,133936,8959.086904296875,124.98629446633095,233.4621616477238,False,False,False,False
2025-01-20,10737.822974771245,10737.822974771245,10541.844456933908,10592.8388671875,90533,8981.840002441406,156.9827876252948,224.8258780514291,False,False,False,False
2025-01-21,10658.831792616307,10720.824998164357,10501.848997922052,10638.833984375,155504,9004.78809814453,195.97851783733677,215.47637884757256,False,False,False,False
2025-01-22,10687.828155346706,10738.822564170983,10638.833527260638,10714.8251953125,71820,9027.016838378906,218.9760002423045,207.6200972447758,False,False,False,False
2025-01-23,10768.819216136153,10768.819216136153,10687.828096683317,10758.8203125,31563,9048.895908203125,99.98903691034502,198.12113824489356,False,False,False,False
2025-01-24,10758.82043219011,10855.80979853978,10650.832271718315,10768.8193359375,77288,9070.270322265626,80.99111945283585,194.6215216290961,False,False,False,False
2025-01-27,10823.813546704849,10798.816286781743,10667.830644784668,10788.8173828125,180574,9089.835920410156,204.9775268214653,195.12146702407543,False,False,False,False
2025-01-28,10758.820213102481,10898.804862715338,10758.820213102481,10766.8193359375,53905,9107.692531738281,130.9856419970747,192.33605779281802,False,False,False,False
2025-01-29,10804.815717419051,11065.78711314794,10804.815717419051,10869.80859375,96605,9126.1640234375,139.98464961285754,189.62206886610082,False,False,False,False
2025-01-30,11118.781411315611,10968.797849112614,10362.8642578125,10362.8642578125,659749,9141.930900878906,298.96777721044054,198.76396328509276,False,False,False,False
2025-01-31,10688.827867914244,10766.819315406978,10645.832582757994,10748.8212890625,703704,9155.929877929688,605.9335913001141,227.33226087269682,False,False,False,False
2025-02-03,10798.81573406943,10798.81573406943,10647.832291861609,10685.828125,57167,9169.36404296875,403.9550575944777,237.75964184847024,False,False,False,False
2025-02-04,10798.815758643434,11118.780670010645,10708.825627321405,10801.8154296875,322598,9182.753537597657,150.983442207822,223.11838948200617,False,False,False,False
2025-02-05,10809.815362269434,10868.808897222158,10653.832456292741,10746.822265625,185153,9195.413347167969,432.9525450106448,231.90314202066747,False,False,False,False
2025-02-06,10778.818598090278,10995.794816623264,10746.822105034722,10798.81640625,338164,9206.998967285157,214.97644092941664,238.3310096251736,False,False,False,False
2025-02-07,10798.816039404033,11043.789181038663,10793.81658753394,10955.798828125,141634,9219.434460449218,248.97271158854164,244.90171847969123,False,False,False,False
2025-02-10,11048.78925203616,11048.78925203616,10675.830121628062,10818.814453125,197673,9231.010139160157,249.97259350472268,248.7584381702188,False,False,False,False
2025-02-11,10988.795041725853,11043.789011452414,10549.843174272017,10998.7939453125,318658,9243.120939941406,372.95913040809864,259.7572331820612,False,False,False,False
2025-02-12,10848.810608460022,11098.783203125,10858.809512246622,11098.783203125,1654200,9255.436872558594,493.9458371803976,287.89700462992215,False,False,False,False
2025-02-13,11078.785984498985,11196.773055453035,10598.83857722827,10836.8125,1037825,9266.35301513672,239.97369087837797,299.2529025888894,False,False,False,False
2025-02-14,10718.82517361111,10848.810926649305,10718.82517361111,10798.81640625,104657,9276.529519042968,597.9344782247645,327.32125626055364,False,False,False,False
2025-02-17,10798.816177066921,10858.809600272847,10635.834044024152,10787.8173828125,70206,9287.345588378907,129.98575303819416,327.24983562063363,False,False,False,False
2025-02-18,11123.780542490435,11095.783611686862,10735.823072783802,10778.818359375,158282,9298.231594238281,222.97555624869528,333.17775752319346,False,False,False,False
2025-02-19,10598.837736191861,10998.793877180233,10598.837736191861,10748.8212890625,323705,9308.198093261719,359.9605389030603,337.5343833583806,False,False,False,False
2025-02-20,10701.826989815967,10716.825345870086,10634.834332774233,10655.83203125,64622,9317.759611816406,399.95614098837177,322.82170833611326,False,False,False,False
2025-02-21,10718.825260201267,11115.781755378497,10658.831835237455,10879.8076171875,404251,9328.236135253906,113.98695628826681,302.1097010999553,False,False,False,False
2025-02-24,10717.824664325088,10964.79758083673,10643.832778406619,10917.802734375,76831,9339.487268066407,459.9497241284971,324.1787212371464,False,False,False,False
2025-02-25,10798.816416007494,10998.794497785411,10643.833402629609,10807.8154296875,44965,9349.598835449218,320.9648024301114,316.1795967671083,False,False,False,False
2025-02-26,10969.797807396822,10969.797807396822,9500.9587791345,10523.8466796875,4012408,9357.895803222656,354.96109515580247,326.1785006404216,False,False,False,False
2025-02-27,10628.834911578886,10764.82000546174,10486.850475318848,10583.83984375,965995,9366.50772705078,1468.8390282623222,413.31180897426304,False,False,False,False
2025-02-28,10652.831885748743,10652.831885748743,10337.866422635278,10428.8564453125,1438267,9374.189836425781,277.969530142891,415.3115901627037,False,False,False,False
2025-03-03,10298.871335645543,10448.854898786012,10118.89105987698,10220.8798828125,172715,9380.572219238282,314.9654631134654,411.16918535594414,False,False,False,False
2025-03-04,10136.888501221114,10249.876112252678,10036.899464909997,10081.89453125,151443,9386.179729003907,329.96383890903235,399.456185479418,False,False,False,False
2025-03-05,10198.88152207079,10198.88152207079,9599.947205235456,9830.921875,186487,9391.047053222655,212.97664734268074,397.52782522686823,False,False,False,False
2025-03-06,9808.924665319775,10098.892876628923,9809.9245557036,9878.9169921875,134499,9396.41918701172,598.9343168353334,397.5992422704803,False,False,False,False
2025-03-07,9878.916911736593,9970.906826299322,9748.931162897954,9806.9248046875,224578,9400.916677246094,288.9683209253235,408.95513997670383,False,False,False,False
2025-03-10,10247.876272969197,10508.84765625,9648.941948887965,10508.84765625,1235431,9408.988747558593,221.97566340136837,408.8837190590376,False,False,False,False
2025-03-11,10507.84796684986,10703.826480647802,10216.879867282507,10688.828125,741161,9418.160593261719,859.9057073620352,444.5940882346787,False,False,False,False
2025-03-12,10648.832845052082,10798.81640625,10596.838543836806,10798.81640625,245204,9427.147844238281,486.946613365295,450.8076934044589,False,False,False,False
2025-03-13,10697.82677194899,10798.81569651828,10663.830500311802,10747.8212890625,148020,9436.704597167969,201.9778624131941,457.092758127668,False,False,False,False
2025-03-14,10756.82077088648,10802.815728635205,10694.827566964286,10778.818359375,48056,9445.741755371093,134.9859059381979,433.88105682836095,False,False,False,False
2025-03-17,10650.832350468865,10801.81579817078,10624.835200533436,10742.822265625,165562,9454.69887451172,107.988161670919,418.66843963127576,False,False,False,False
2025-03-18,10698.827178665091,10826.81314865286,10399.859951896786,10627.8349609375,103993,9462.781242675781,176.98059763734454,405.9555469513859,False,False,False,False
2025-03-19,10672.830097853535,10796.816507084737,10602.83777006173,10690.828125,78153,9470.064274902345,426.95319675607425,331.53513041522535,False,False,False,False
2025-03-20,10598.837628064239,10819.813393705956,10255.875240665557,10747.8212890625,409525,9478.331838378906,193.97873702300785,325.5357880495194,False,False,False,False
2025-03-24,10898.805567399977,10896.805786561923,10725.824524908216,10808.8154296875,78853,9486.549592285157,563.9381530403989,343.3195516157289,False,False,False,False
2025-03-25,10401.859808706246,10996.794595419715,10401.859808706246,10797.81640625,840428,9494.98218017578,170.9812616537074,331.9636532403486,False,False,False,False
2025-03-26,10749.821617882735,10926.802217488841,10705.826440579523,10752.8212890625,67495,9502.760061035156,594.9347867134693,359.24637748111917,False,False,False,False
2025-03-27,10649.832390295122,10847.810684659822,10461.852999686213,10679.8291015625,203150,9511.427199707032,220.97577690931757,332.2493389149752,False,False,False,False
2025-03-28,10847.810592017984,10847.810592017984,10598.837890625,10598.837890625,70243,9520.079138183593,385.9576849736095,339.1771506327099,False,False,False,False
2025-03-31,10678.829743673132,10992.795337260524,10498.849467094371,10568.841796875,261313,9528.701018066406,248.97270139298416,341.1055104892539,False,False,False,False
2025-04-01,10523.8466796875,10695.827832077643,10498.849419165677,10523.8466796875,132738,9537.142893066406,493.9458701661533,314.9655221181195,False,False,False,False
2025-04-02,10498.8486328125,10595.837996372768,10448.854115513393,10498.8486328125,99469,9545.214938964844,196.97841291196528,294.2535078000245,False,False,False,False
2025-04-03,10498.84894875919,10562.841932827818,10138.88841337316,10198.8818359375,408834,9551.08258544922,146.98388085937404,290.32536626046596,False,False,False,False
2025-04-04,10260.874661895683,10447.854155344765,9998.903392999106,10061.896484375,343604,9556.989523925782,423.953519454657,310.9659100830701,False,False,False,False
2025-04-07,10009.902672204027,10485.85049679389,9998.903877938295,10208.880859375,237508,9562.841691894531,448.9507623456593,335.3203815598373,False,False,False,False
2025-04-08,10328.867255797717,10421.857057810223,10142.887651772706,10293.87109375,247070,9569.268757324218,486.94661885559435,357.4608116468552,False,False,False,False
2025-04-09,10217.880273130466,10268.874684905557,10098.89331232192,10176.884765625,170589,9575.480739746094,278.9694060375168,346.8905408812439,False,False,False,False
2025-04-10,10417.857828297334,10479.851031613818,10198.8818359375,10198.8818359375,108020,9582.257531738282,194.97778142808056,346.961901195892,False,False,False,False
2025-04-11,10201.88198404312,10340.866752815245,10198.882312774658,10238.8779296875,55148,9589.454216308593,302.9662659888181,328.32105212077903,False,False,False,False
2025-04-14,10396.85990181291,10908.803763106256,10256.87525224051,10668.830078125,160404,9599.260480957031,141.9849168777455,326.24988463678176,False,False,False,False
2025-04-15,10797.815961964277,10733.822979135708,10387.860915718758,10597.837890625,59035,9610.366135253906,669.9258334187562,331.6063879728737,False,False,False,False
2025-04-16,10331.866908455726,10795.816027348928,10331.866908455726,10560.841796875,22726,9620.687043457032,345.9620634169496,340.53397986627596,False,False,False,False
2025-04-17,10498.849422622758,10543.844491576856,10349.865749863635,10425.857421875,75017,9629.333425292969,463.94911889320247,346.10479657481835,False,False,False,False
2025-04-22,10637.833384456306,10597.837770641261,10374.862223622391,10587.8388671875,61627,9636.725524902344,210.97604701136515,343.3907498332741,False,False,False,False
2025-04-23,10803.816073412414,11023.791967549456,10848.811142667719,10898.8056640625,470208,9645.187648925781,222.9755470188702,324.03572675132534,False,False,False,False
2025-04-24,10923.802665776473,10993.794994069778,10848.810885462219,10860.8095703125,153763,9654.25447998047,435.9531003619559,341.1053472834675,False,False,False,False
2025-04-25,10963.798392568955,11046.78929695411,10853.810446998268,10861.8095703125,322999,9663.326311035156,144.9841086075594,340.9625064083379,False,False,False,False
2025-04-29,11048.788854797267,10930.801788293551,10737.822942232386,10859.8095703125,296244,9672.782985839844,192.97884995584172,324.4643157298511,False,False,False,False
2025-04-30,10992.794760584677,10992.794760584677,10848.810546875,10848.810546875,462824,9681.984748535157,192.9788460611653,306.1806074238158,False,False,False,False
2025-05-02,10898.8056640625,10945.800514173596,10849.811033095613,10898.8056640625,175918,9691.581423339843,143.98421370967662,281.68329277053596,False,False,False,False
2025-05-05,10829.812985345692,10998.794463927856,10897.805532940882,10976.796875,165739,9701.892927246094,96.98996729859573,268.6847614320416,False,False,False,False
2025-05-06,10988.79542113493,10954.79914776654,10850.810546875,10850.810546875,233534,9710.964743652345,100.98893098697408,261.9712721148197,False,False,False,False
2025-05-07,10927.802486471473,10974.79733658257,10791.817388277666,10898.8056640625,276747,9721.076218261718,125.986328125,249.32984798168985,False,False,False,False
2025-05-08,10955.798592023983,10955.798592023983,10698.826771438953,10748.8212890625,166914,9731.39739501953,182.9799483049028,252.2580645122011,False,False,False,False
2025-05-09,10909.80353501464,10931.801122565765,10698.82667259249,10756.8203125,152846,9742.078439941406,256.9718205850295,222.76134930979202,False,False,False,False
2025-05-12,10906.804328762755,10906.804328762755,10744.822086256378,10778.818359375,69568,9753.244328613282,232.9744499732751,214.69080549238672,False,False,False,False
2025-05-13,10848.810324309594,10802.815368095931,10698.826771438953,10748.8212890625,88436,9763.005725097657,161.9822425063776,193.1217428933278,False,False,False,False
2025-05-14,10863.808792681066,10915.803091550777,10714.825128612083,10847.810546875,206532,9772.907209472656,103.98859665697819,185.47978215372873,False,False,False,False
2025-05-15,10898.80490678316,10969.797122231013,10801.815542016373,10900.8046875,169066,9783.068664550781,200.97796293869396,183.90852614800184,False,False,False,False
2025-05-16,10947.799451754387,10949.79923245614,10807.81480263158,10828.8125,72968,9791.81557373047,167.98158021464042,164.76770328033646,False,False,False,False
2025-05-19,10848.810926649305,10877.807748480902,10699.827255859374,10798.81640625,70380,9798.933083496093,141.98442982456072,164.55344051012227,False,False,False,False
2025-05-20,10907.804581171225,10907.804581171225,10771.819484183483,10808.8154296875,64719,9806.495432128906,177.98049262152745,163.48212927195695,False,False,False,False
2025-05-21,10852.81063097041,10860.809754339469,10721.824985802074,10728.82421875,152152,9814.152629394532,135.9850969877425,159.41114719528392,False,False,False,False
2025-05-22,10729.823750456339,10874.807856673482,10479.851153530228,10698.8271484375,131502,9821.19002685547,138.9847685373952,159.05404396869238,False,False,False,False
2025-05-23,10626.835020727041,10839.811672911352,10508.847955197705,10680.8291015625,82507,9828.612248535157,394.95670314325434,180.33738224331086,False,False,False,False
2025-05-26,10198.88164102669,10898.80489090107,10549.843156320843,10695.8271484375,45157,9836.614260253906,330.9637177136465,196.76415272378745,False,False,False,False
2025-05-27,10342.86617041472,10776.818598678447,10342.86617041472,10698.8271484375,64746,9845.725842285156,348.96173458022713,212.69096747058938,False,False,False,False
2025-05-28,10723.824328369732,10797.816216509533,10609.836825019229,10724.82421875,78019,9852.903220214845,433.9524282637267,230.61757318193395,False,False,False,False
2025-05-29,10719.824956396453,10792.816955446628,10652.832299733962,10699.8271484375,157853,9857.951403808594,187.9793914903039,225.6895425323107,False,False,False,False
2025-05-30,10667.830546418663,10739.822654333382,10631.834492461303,10698.8271484375,505299,9864.728903808595,139.9846557126657,219.0474143708386,False,False,False,False
2025-06-02,10673.829488734542,10673.829488734542,10501.84834849451,10632.833984375,167018,9871.64125732422,107.98816187207922,215.19069432553155,False,False,False,False
2025-06-03,10633.834273236711,10726.824079293225,10408.858936003213,10698.8271484375,187439,9879.313405761719,196.97879994299,221.83285170310384,False,False,False,False
2025-06-04,10795.816545630052,10840.811613200058,10698.827177756928,10823.8134765625,228044,9887.030715332032,317.96514329001184,230.1890788710551,False,False,False,False
2025-06-05,10856.810028255686,11248.767067404355,10705.82657695097,10878.8076171875,447628,9894.913039550782,141.98446476255776,228.3321420530492,False,False,False,False
2025-06-06,10883.807307644065,10959.798980164134,10682.829331637042,10898.8056640625,146717,9903.205231933594,542.940490453384,256.9718606693937,False,False,False,False
2025-06-09,10867.808241006542,11098.782912427327,10653.831705577762,10748.8212890625,305837,9910.027785644532,276.96964852709243,264.0425146626484,False,False,False,False
2025-06-10,11083.785294920068,11093.784199110343,10797.816635078198,10808.8154296875,322468,9917.190290527344,444.9512068495642,286.1115225099214,False,False,False,False
2025-06-11,10885.806861892288,11027.79129969781,10748.821876122174,10789.8173828125,74964,9924.567683105468,344.96291004784325,300.8242469035248,False,False,False,False
2025-06-12,10763.819983831865,10917.803102968894,10702.826670407458,10858.8095703125,132530,9932.380002441407,278.96942357563603,292.5394412201235,False,False,False,False
2025-06-13,10882.80684081764,10979.79620718656,10858.809471819146,10964.7978515625,172622,9939.867600097656,214.976432561436,284.25463513782273,False,False,False,False
2025-06-17,11397.750591199343,11084.784898152111,10718.825014269407,10948.7998046875,383893,9947.510114746094,120.98673536741444,267.97070662262183,False,False,False,False
2025-06-18,10801.0,10997.0,10801.0,10950.0,471282,9955.278581542969,365.95988388270416,263.11409630969166,False,False,False,False
2025-06-19,10810.0,11080.0,10778.0,10972.0,668788,9962.932136230469,196.0,263.6869969175271,False,False,False,False
2025-06-20,11098.0,11098.0,10300.0,10760.0,2322658,9969.740607910157,302.0,275.2595215094795,False,False,False,False
2025-06-23,10760.0,10945.0,10750.0,10900.0,334545,9977.284069824218,798.0,324.54608137575957,False,False,False,False
2025-06-26,10900.0,10900.0,10900.0,10900.0,0,9984.972468261718,195.0,324.4047385226889,False,False,False,False
2025-06-27,10900.0,10900.0,10900.0,10900.0,0,9993.35059814453,0.0,301.6929425734023,True,True,False,False
2025-06-30,10900.0,10900.0,10900.0,10900.0,0,10001.053991699218,0.0,291.55119509036246,True,True,False,False
2025-07-01,10900.0,10900.0,10900.0,10900.0,0,10008.702409667969,0.0,252.76973148654932,True,True,False,False
2025-07-02,10900.0,10900.0,10900.0,10900.0,0,10016.825642089843,0.0,232.98618516318558,True,True,False,False
2025-07-03,10900.0,10900.0,10900.0,10900.0,0,10023.704357910156,0.0,201.20395610250242,True,True,False,False
2025-07-04,11500.0,11677.0,11460.0,11560.0,180944,10033.403264160157,0.0,176.5637482419422,False,False,False,False
2025-07-07,11550.0,11575.0,11540.0,11575.0,145065,10044.586618652344,777.0,212.13736084368247,False,False,False,False
2025-07-08,11575.0,11625.0,11515.0,11566.0,496068,10056.06983642578,35.0,199.28190137500846,False,False,False,False
2025-07-09,11600.0,11613.0,11354.0,11600.0,375021,10073.500783691406,110.0,198.4971345630503,False,False,False,False
2025-07-10,11545.0,11621.0,11461.0,11601.0,243266,10090.641845703125,259.0,190.85714285714286,False,False,False,False
2025-07-11,11690.0,11690.0,11602.0,11620.0,167129,10107.348120117187,160.0,188.28571428571428,False,False,False,False
2025-07-14,11619.0,11666.0,11619.0,11652.0,87558,10123.974487304688,89.0,173.07142857142858,False,False,False,False
2025-07-15,11670.0,11841.0,11316.0,11523.0,177090,10140.060815429688,47.0,119.42857142857143,False,False,False,False
2025-07-16,11635.0,11776.0,11505.0,11725.0,260732,10157.042182617188,525.0,143.0,False,False,False,False
2025-07-17,11669.0,11800.0,11669.0,11755.0,937902,10174.233530273437,271.0,162.35714285714286,False,False,False,False
2025-07-18,11783.0,11861.0,11758.0,11800.0,418214,10191.984741210938,131.0,171.71428571428572,False,False,False,False
2025-07-21,11760.0,11820.0,11760.0,11810.0,451385,10208.5364453125,106.0,179.28571428571428,False,False,False,False
2025-07-22,11847.0,11847.0,11726.0,11775.0,648301,10224.358369140626,60.0,183.57142857142858,False,False,False,False
2025-07-23,11753.0,11828.0,11753.0,11806.0,463758,10240.115380859375,121.0,192.21428571428572,False,False,False,False
2025-07-24,11754.0,11825.0,11754.0,11805.0,413126,10256.157275390626,75.0,197.57142857142858,False,False,False,False
2025-07-25,11713.0,11823.0,11401.0,11767.0,454596,10272.68390625,71.0,147.14285714285714,False,False,False,False
2025-07-28,11750.0,11824.0,11540.0,11558.0,344029,10287.945625,422.0,174.78571428571428,False,False,False,False
2025-07-29,11550.0,11769.0,11571.0,11702.0,169843,10303.777397460937,284.0,187.21428571428572,False,False,False,False
2025-07-30,11687.0,11798.0,11625.0,11630.0,136517,10318.999272460938,211.0,183.78571428571428,False,False,False,False
2025-07-31,11691.0,11699.0,11625.0,11646.0,348082,10334.681000976563,173.0,184.71428571428572,False,False,False,False
2025-08-01,11666.0,11769.0,11646.0,11665.0,130907,10351.297397460938,74.0,183.64285714285714,False,False,False,False
2025-08-04,11671.0,11750.0,11670.0,11740.0,99324,10367.574077148438,123.0,189.07142857142858,False,False,False,False
2025-08-05,11740.0,11805.0,11740.0,11800.0,223343,10384.5705859375,85.0,157.64285714285714,False,False,False,False
2025-08-06,11767.0,11782.0,11661.0,11715.0,73855,10400.732255859375,65.0,142.92857142857142,False,False,False,False
2025-08-07,11795.0,11800.0,11714.0,11725.0,88542,10416.873955078125,139.0,143.5,False,False,False,False
2025-08-08,11721.0,11800.0,11720.0,11730.0,45702,10433.27056640625,86.0,142.07142857142858,False,False,False,False
2025-08-11,11794.0,11794.0,11730.0,11740.0,62610,10449.682192382812,80.0,143.5,False,False,False,False
2025-08-12,11750.0,11800.0,11749.0,11800.0,105791,10465.889013671875,64.0,139.42857142857142,False,False,False,False
2025-08-13,11800.0,11801.0,11719.0,11730.0,37372,10482.350595703125,60.0,138.35714285714286,False,False,False,False
2025-08-14,11811.0,11823.0,11740.0,11800.0,1201037,10499.402084960937,82.0,139.14285714285714,False,False,False,False
2025-08-15,11803.0,11817.0,11715.0,11766.0,274968,10516.748393554688,93.0,115.64285714285714,False,False,False,False
2025-08-18,11711.0,11849.0,11711.0,11781.0,120697,10533.774853515624,102.0,102.64285714285714,False,False,False,False
2025-08-19,11781.0,11844.0,11751.0,11800.0,847433,10550.606430664062,138.0,97.42857142857143,False,False,False,False
2025-08-20,11744.0,11846.0,11743.0,11750.0,1571082,10567.123032226562,93.0,91.71428571428571,False,False,False,False
2025-08-21,11732.0,11749.0,11634.0,11650.0,220791,10583.614448242188,103.0,93.78571428571429,False,False,False,False
2025-08-22,11697.0,11772.0,11626.0,11733.0,126330,10600.980678710937,116.0,93.28571428571429,False,False,False,False
2025-08-25,11785.0,11785.0,11654.0,11727.0,57366,10618.316909179688,146.0,97.64285714285714,False,False,False,False
2025-08-26,11732.0,11798.0,11691.0,11732.0,327290,10635.37326171875,131.0,102.35714285714286,False,False,False,False
2025-08-27,11703.0,11779.0,11703.0,11733.0,6958,10652.329658203125,107.0,100.07142857142857,False,False,False,False
2025-08-28,11770.0,11770.0,11750.0,11750.0,96333,10669.905844726563,76.0,99.35714285714286,False,False,False,False
2025-08-29,11774.0,11777.0,11751.0,11777.0,107049,10686.847333984375,37.0,96.28571428571429,False,False,False,False
2025-09-01,11771.0,11809.0,11780.0,11800.0,1109260,10703.2890625,27.0,93.64285714285714,False,False,False,False
2025-09-02,11841.0,11874.0,11747.0,11874.0,142516,10720.690561523437,32.0,91.64285714285714,False,False,False,False
2025-09-03,11864.0,11864.0,11750.0,11750.0,88718,10738.28173828125,127.0,94.85714285714286,False,False,False,False
2025-09-04,11870.0,11989.0,11759.0,11790.0,62395,10755.718056640624,124.0,97.07142857142857,False,False,False,False
2025-09-05,11784.0,11888.0,11779.0,11845.0,34229,10773.439370117187,239.0,106.85714285714286,False,False,False,False
2025-09-08,11878.0,11980.0,11804.0,11890.0,523277,10791.550620117188,109.0,104.78571428571429,False,False,False,False
2025-09-09,11861.0,11949.0,11850.0,11880.0,596003,10807.1128515625,176.0,110.71428571428571,False,False,False,False
2025-09-10,11831.0,11946.0,11818.0,11857.0,31549,10822.165239257813,99.0,110.42857142857143,False,False,False,False
2025-09-11,11850.0,11930.0,11819.0,11900.0,21236,10836.682919921876,128.0,111.28571428571429,False,False,False,False
2025-09-12,11899.0,12000.0,11899.0,12000.0,133065,10851.865537109376,111.0,108.78571428571429,False,False,False,False
2025-09-15,11933.0,12098.0,11850.0,11850.0,88472,10866.293159179688,101.0,106.64285714285714,False,False,False,False
2025-09-16,11984.0,11984.0,11795.0,11850.0,127310,10880.840732421875,248.0,116.71428571428571,False,False,False,False
2025-09-17,11751.0,11989.0,11751.0,11954.0,40972,10896.702993164063,189.0,124.78571428571429,False,False,False,False
2025-09-18,11809.0,12200.0,11809.0,11994.0,58409,10912.555336914062,238.0,139.14285714285714,False,False,False,False
2025-09-19,11949.0,11990.0,11776.0,11895.0,200221,10928.32251953125,391.0,165.14285714285714,False,False,False,False
2025-09-22,11960.0,12500.0,11742.0,11853.0,31900,10943.849711914063,218.0,178.42857142857142,False,False,False,False
2025-09-23,11902.0,11902.0,11751.0,11751.0,30566,10959.856513671875,758.0,223.5,False,False,False,False
2025-09-25,11890.0,11960.0,11660.0,11707.0,60529,10974.723681640626,151.0,225.42857142857142,False,False,False,False
2025-09-26,11765.0,11899.0,11706.0,11706.0,57068,10988.506274414063,300.0,229.78571428571428,False,False,False,False
2025-09-29,11847.0,11899.0,11720.0,11817.0,101299,11001.509389648438,193.0,235.78571428571428,False,False,False,False
2025-09-30,11817.0,11874.0,11704.0,11800.0,82492,11014.957294921875,193.0,237.0,False,False,False,False
2025-10-01,11820.0,11990.0,11800.0,11920.0,215340,11028.130546875,170.0,242.07142857142858,False,False,False,False
2025-10-02,11999.0,11998.0,11920.0,11965.0,65718,11041.228911132812,190.0,246.5,False,False,False,False
2025-10-03,11949.0,11974.0,11930.0,11972.0,36465,11054.782114257812,78.0,244.14285714285714,False,False,False,False
